-- --------------------------------------------------------
-- Servidor:                     127.0.0.1
-- Versão do servidor:           5.7.14 - MySQL Community Server (GPL)
-- OS do Servidor:               Win64
-- HeidiSQL Versão:              9.5.0.5196
-- --------------------------------------------------------

/*!40101 SET @OLD_CHARACTER_SET_CLIENT=@@CHARACTER_SET_CLIENT */;
/*!40101 SET NAMES utf8 */;
/*!50503 SET NAMES utf8mb4 */;
/*!40014 SET @OLD_FOREIGN_KEY_CHECKS=@@FOREIGN_KEY_CHECKS, FOREIGN_KEY_CHECKS=0 */;
/*!40101 SET @OLD_SQL_MODE=@@SQL_MODE, SQL_MODE='NO_AUTO_VALUE_ON_ZERO' */;


-- Copiando estrutura do banco de dados para tccnetwork
CREATE DATABASE IF NOT EXISTS `tccnetwork` /*!40100 DEFAULT CHARACTER SET utf8 */;
USE `tccnetwork`;

-- Copiando estrutura para tabela tccnetwork.gostar
CREATE TABLE IF NOT EXISTS `gostar` (
  `id_usuario` int(11) NOT NULL,
  `id_publicacao` int(11) NOT NULL,
  `data` date DEFAULT NULL,
  `hora` time DEFAULT NULL,
  PRIMARY KEY (`id_usuario`,`id_publicacao`),
  KEY `fk_Usuário_has_Publicação_usuario1_idx` (`id_usuario`),
  KEY `fk_Usuário_has_Publicação_publicacao1_idx` (`id_publicacao`),
  CONSTRAINT `fk_Usuário_has_Publicação_publicacao1` FOREIGN KEY (`id_publicacao`) REFERENCES `publicacao` (`id_publicacao`) ON DELETE NO ACTION ON UPDATE NO ACTION,
  CONSTRAINT `fk_Usuário_has_Publicação_usuario1` FOREIGN KEY (`id_usuario`) REFERENCES `usuario` (`id_usuario`) ON DELETE NO ACTION ON UPDATE NO ACTION
) ENGINE=InnoDB DEFAULT CHARSET=utf8;

-- Copiando dados para a tabela tccnetwork.gostar: ~2 rows (aproximadamente)
/*!40000 ALTER TABLE `gostar` DISABLE KEYS */;
/*!40000 ALTER TABLE `gostar` ENABLE KEYS */;

-- Copiando estrutura para tabela tccnetwork.interesse
CREATE TABLE IF NOT EXISTS `interesse` (
  `id_interesse` int(11) NOT NULL AUTO_INCREMENT,
  `descricao` varchar(100) NOT NULL,
  PRIMARY KEY (`id_interesse`)
) ENGINE=InnoDB AUTO_INCREMENT=11 DEFAULT CHARSET=utf8;

-- Copiando dados para a tabela tccnetwork.interesse: ~10 rows (aproximadamente)
/*!40000 ALTER TABLE `interesse` DISABLE KEYS */;
INSERT INTO `interesse` (`id_interesse`, `descricao`) VALUES
	(1, 'Redes de Computadores'),
	(2, 'Servidores de Arquivo'),
	(3, 'BigData'),
	(4, 'Internet das Coisas'),
	(5, 'Javascript'),
	(6, 'Ionic Framework'),
	(7, 'Ruby on Rails'),
	(8, 'Banco de Dados MySQL'),
	(9, 'Aplicativos Híbridos'),
	(10, 'Microsoft Azure');
/*!40000 ALTER TABLE `interesse` ENABLE KEYS */;

-- Copiando estrutura para tabela tccnetwork.publicacao
CREATE TABLE IF NOT EXISTS `publicacao` (
  `id_publicacao` int(11) NOT NULL AUTO_INCREMENT,
  `id_usuario` int(11) DEFAULT NULL,
  `fonte` varchar(50) NOT NULL,
  `titulo` varchar(200) DEFAULT NULL,
  `resumo` text,
  `autor` varchar(200) DEFAULT NULL,
  `orientador` varchar(200) DEFAULT NULL,
  `link` varchar(200) DEFAULT NULL,
  `palavras_chave` text,
  `ano` text,
  `data` date DEFAULT NULL,
  `hora` time DEFAULT NULL,
  `categoria` varchar(200) DEFAULT NULL,
  `arquivo` varchar(200) DEFAULT NULL,
  PRIMARY KEY (`id_publicacao`),
  KEY `fk_publicacao_usuario1_idx` (`id_usuario`),
  CONSTRAINT `fk_publicacao_usuario1` FOREIGN KEY (`id_usuario`) REFERENCES `usuario` (`id_usuario`) ON DELETE NO ACTION ON UPDATE NO ACTION
) ENGINE=InnoDB DEFAULT CHARSET=utf8;

-- Copiando dados para a tabela tccnetwork.publicacao: ~42 rows (aproximadamente)
/*!40000 ALTER TABLE `publicacao` DISABLE KEYS */;
INSERT INTO `publicacao` (`id_publicacao`, `id_usuario`, `fonte`, `titulo`, `resumo`, `autor`, `orientador`, `link`, `palavras_chave`, `ano`, `data`, `hora`, `categoria`, `arquivo`) VALUES
	(1, NULL, 'UFOP', 'Um estudo sobre a aplicabilidade da série de padrões ISO/IEC/IEEE 29119 em métodos ágeis de desenvolvimento de software', 'Hoje em dia, as organizações estão investindo cada vez mais em desenvolvimento de software, porém muito mais exigente em relação à qualidade dos serviços e produtos adquiridos. O teste de software é de fundamental importância para garantir a qualidade do software desenvolvido, uma vez que possibilita a identificação de falhas antes que o produto final seja entregue ao cliente, aumentando a possibilidade de sucesso do projeto. O objetivo deste estudo é realizar uma análise sobre a aplicabilidade da série de padrões ISO/IEC/IEEE 29119 em processos ágeis de desenvolvimento de software, proporcionando maior eficácia nos processos de teste, a partir do atendimento dos princípios dos métodos ágeis e do foco na qualidade do software. Foi realizado um estudo de caso no laboratório iMobilis que contribuiu para a aplicação prática da integração dos padrões da série 29119 ao BOPE, processo de desenvolvimento de software que contém características comuns aos métodos ágeis.', 'Oliveira, Adriana Ferreira', 'Horta, Euler Marinho', 'http://www.monografias.ufop.br/handle/35400000/625', '"Engenharia de software\nSoftware - testes\nSoftware - controle de qualidade - normas\nSoftware - desenvolvimento\nDesenvolvimento ágil de software"', '2017', NULL, NULL, 'Engenharia de Software', 'https://drive.google.com/open?id=10QOAfEpp6enwq6pbIi0L9vwkU2mt1vZI'),
	(2, NULL, 'UFOP', 'Estimando atributos de qualidade de software utilizados e desejados pelas empresas certificadas no MPS-SW no Brasil', 'Por se tratar de um produto abstrato, mensurar a qualidade de um software é uma tarefa árdua. A fim de contribuir para isso as métricas de software são uma forma de realizar o controle da qualidade. Métricas de produto e processo são utilizadas para relevar anomalias que podem estar ligadas com a qualidade. O presente trabalho visa estabelecer os atributos internos e externos utilizados e desejados por empresas brasileiras atualmente avaliadas no modelo de referência MPS-SW. Através de um Survey aplicado à essas empresas, foram coletados dados relevantes e, após um período determinado de tempo, esses dados foram analisados e catalogados. Por fim, após análises realizadas, foi possível determinar um padrão de modelo de qualidade que abrange todo o contexto brasileiro.', 'Mendes, Flaviana Pereira', 'Pereira, Igor Muzetti', 'http://www.monografias.ufop.br/handle/35400000/861', 'Engenharia de software\nSoftware - verificação', '2018', NULL, NULL, 'Engenharia de Software', 'https://drive.google.com/open?id=1_HooNSZ_JnVAHPWI9dDRGMrtKMpaqESV'),
	(3, NULL, 'UFOP', 'Caracterização do conceito de modularidade no desenvolvimento de linguagens de programação', 'Por se tratar de um produto abstrato, mensurar a qualidade de um software é uma tarefa árdua. A fim de contribuir para isso as métricas de software são uma forma de realizar o controle da qualidade. Métricas de produto e processo são utilizadas para relevar anomalias que podem estar ligadas com a qualidade. O presente trabalho visa estabelecer os atributos internos e externos utilizados e desejados por empresas brasileiras atualmente avaliadas no modelo de referência MPS-SW. Através de um Survey aplicado à essas empresas, foram coletados dados relevantes e, após um período determinado de tempo, esses dados foram analisados e catalogados. Por fim, após análises realizadas, foi possível determinar um padrão de modelo de qualidade que abrange todo o contexto brasileiro.', 'Oliveira, Lanna Mayra Silva', 'Reis, Leonardo Vieira dos Santos\nCardoso, Elton Máximo', 'http://www.monografias.ufop.br/handle/35400000/367', 'Engenharia de software\nDesenvolvimento de software\nLinguagem de programação\nModularidade - engenharia', '2017', NULL, NULL, 'Engenharia de Software', 'https://drive.google.com/open?id=190OTuvwNhp17i_aWytWl-YqjcTKFIiTL'),
	(4, NULL, 'UFOP', 'Avaliação da qualidade de uso do software de modelagem visual e simulação de fenômenos ambientais TerraME GIMS', 'A modelagem computacional permite analisar propriedades e comportamentos de sistemas e apoia o estudo e a compreensão da dinâmica de fenômenos complexos. Diversos tipos de linguagem podem ser empregados na construção de modelos. O desenvolvimento de software, por exemplo, geralmente utiliza linguagens textuais e diagramáticas. O TerraME é uma plataforma de modelagem e simulação ambiental que oferece uma linguagem textual para descrever as propriedades e comportamentos do sistema em estudo. O TerraME GIMS é um ambiente de desenvolvimento para a plataforma TerraME, que oferece uma linguagem visual para a descrição dos modelos, como forma de apoiar os usuários que são especialistas no domínio do problema (ex. mudança de uso e de cobertura do solo, espalhamento de doenças, urbanização), mas em geral são inexperientes em programação de computadores. Este trabalho teve como objetivo avaliar a qualidade de uso das plataformas TerraME GIMS e TerraME, e respectivas linguagens de modelagem, em relação à facilidade de aprendizagem e satisfação de uso. O framework DECIDE foi utilizado para planejar a avaliação. O estudo envolveu a participação de um grupo de voluntários, e foram coletados dados quantitativos e qualitativos, por meio da aplicação de questionários e da observação de uso dos sistemas TerraME GIMS e TerraME. Os resultados obtidos indicam que o uso de linguagens visuais favorece a facilidade de aprendizagem e satisfação de uso. Entretanto, o trabalho possui algumas limitações e recomenda-se a realização de estudos adicionais. Além disso, foi possível identificar problemas de usabilidade, que poderão direcionar o desenvolvimento de melhorias em futuras versões do TerraME GIMS.', 'Silva, Paolla Ramos e', 'Lima, Tiago França Melo de', 'http://www.monografias.ufop.br/handle/35400000/256', 'Engenharia de software\nModelagem e simulação de sistemas\nLinguagem de programação - computadores\nQualidade de software\nProgramação - computadores', '2016', NULL, NULL, 'Engenharia de Software', 'https://drive.google.com/open?id=1o814GmJYtppOxFYogKVBusv3KEMgv2lV'),
	(5, NULL, 'UFOP', 'Um sistema web para resolver o problema do planejamento de alunos em suas atividades escolares', '        No nosso dia-a-dia, somos submetidos à realização de várias atividades, inclusive de atividades escolares, quando estamos no colégio ou na faculdade ou realizando um curso profissionalizante. Então, o nosso tempo disponível deve ser muito bem gerido para que ao final do dia possamos ter realizado todas as atividades pertinentes a ele, já nos planejando para os dias subsequentes. Este trabalho tem o objetivo de facilitar o planejamento de alunos em suas atividades escolares, através de um sistema baseado na Web que esteja disponível para os usuários em qualquer lugar, a qualquer hora e em diversos dispositivos, desde que estes tenham acesso à Internet. Assim, com a funcionalidade de cadastro de lembretes, desde que o usuário adicione o mesmo, diminui bastante a possibilidade de que ele se esqueça de fazer alguma atividade ou deixe para realizá-la de última hora e o resultado seja uma atividade mal desenvolvida. Ao decorrer do trabalho será apresentado como o sistema foi desenvolvido, destacando as ferramentas análogas existentes para o problema, como foi feita a modelagem do mesmo, como foi feita a implementação do sistema, descrevendo a linguagem, as técnicas, os frameworks, o padrão e a base de dados utilizados e como este foi testado.', 'Felix, Guilherme Silva', 'Garcia, Diego Zuquim Guimarães', 'http://www.monografias.ufop.br/handle/35400000/251', 'Sistemas de informação\nSistemas web\nPlanejamento educacional', '2016', NULL, NULL, 'Sistemas de Informação', 'https://drive.google.com/open?id=111TGVhQKtqAnEGV7Gtk8HJ4hTmedz9n7'),
	(6, NULL, 'UFOP', 'Avaliação da qualidade do software Hábil Empresarial, aplicando os parâmetros estabelecidos pela norma ISO/IEC 25010', 'Este trabalho tem como objetivo avaliar a qualidade do software Hábil Empresarial Gratuito, uma solução de controle financeiro considerada eficiente e eficaz, destinado às Micro e Pequenas Empresas. Para avaliar a qualidade desse software foram criadas e aplicadas métricas de avaliação, utilizando alguns parâmetros de qualidade estabelecidos na ISO/IEC 25010 - Software product Quality Requirements and Evaluation. A escolha de um software gratuito foi em virtude do baixo investimento em tecnologia da informação, que é uma característica das Micro e Pequenas Empresas e também pelo fato de que elas geralmente não realizam o controle financeiro. As metodologias utilizadas para avaliação foram a heurística (método de inspeção), método de investigação e observação. Para realizar os dois últimos métodos foram selecionados três participantes, representando o público alvo do software. Essas avaliações foram realizadas por meio de questionários online, desenvolvidos utilizando a ferramenta online Google Forms. Com a análise dos resultados percebeu-se que apesar das limitações encontradas o software é viável, desde que implantado em empresas que não necessitam do módulo de Nota Fiscal Eletrônica. Para suprir essa necessidade existem duas soluções pagas disponibilizadas pela Koinonia, a versão Enterprise e a Profissional. Espera-se que este trabalho possa contribuir para uma melhor reflexão sobre a importância de Sistemas de Informação nas organizações e sobre a qualidade de software, além de demonstrar para as organizações a existência de softwares gratuitos que possam auxiliar na gestão do seu negócio.', 'Carneiro, Danielle Cristine Ribeiro', 'Garcia, Diego Zuquim Guimarães\nDias, Daniela Rodrigues', 'http://www.monografias.ufop.br/handle/35400000/365', 'Sistemas de informação\nSoftware - avaliação\nSoftware - controle de qualidade', '2017', NULL, NULL, 'Sistemas de Informação', 'https://drive.google.com/open?id=1vAOBic614mEb28G3IqjI14IGYAWGm8Fo'),
	(7, NULL, 'UFOP', 'Simulador de cadeira de rodas utilizando Interface cérebro-computador', 'Interface Cérebro-Computador (BCI) é um sistema que recebe e interpreta sinais cerebrais de forma a gerar comandos de aplicação. Como a comunicação ocorre entre o cérebro e o computador, sistemas BCI são interessantes principalmente no desenvolvimento de tecnologias assistivas direcionadas a pessoas com deficiências motoras. A comunicação por BCI interpreta sinais cerebrais, portanto, fatores como perda de concentração, luminosidade, ruídos do ambiente, interferências eletromagnéticas, entre outros, provocam comportamento imprevísivel, fazendo com que esta tecnologia ainda esteja restrita aos laboratórios de pesquisa. Como o desenvolvimento de tecnologias assistivas é um processo crítico por envolver pessoas vulneráveis, este trabalho foi proposto com o objetivo desenvolver e testar um simulador de cadeira de rodas controlado por sistema BCI, onde o usuário possa ter um primeiro contato com aplicações deste tipo sem se expor ao risco. Para isso, foi feita uma revisão da literatura para analisar a construção de sistemas controlados por BCI baseado no paradigma SSVEP (\\textit{Steady State Visually Evoked Potentials}). O simulador foi desenvolvido utilizando o motor gráfico Unity 3D para a construção do ambiente gráfico e a ferramenta MATLAB para o processamento de sinais. Com base nos resultados obtidos nos testes de três voluntários, foi constatado que o treinamento correto do sistema é um fator importante para a classificação correta de comandos, e que se realizado corretamente, provê um nível suficiente de controle ao usuário do sistema.', 'Miranda, Maycon Junior de Souza', 'Leite, Harlei Miguel de Arruda', 'http://www.monografias.ufop.br/handle/35400000/1223', 'Processamento de sinais\nBrain-computer interfaces\nSistemas de informação', '2018', NULL, NULL, 'Sistemas de Informação', 'https://drive.google.com/open?id=1nYLJ_82lVqcVQm-mr6ShMlPzTEVttBLI'),
	(8, NULL, 'UFOP', 'O uso de controlador SDN ONOS para a garantia de tráfego em ambientes multirotas', 'A popularização da Internet, causada pelo barateamento e avanço nas tecnologias de rede, fez surgir na sociedade diversas aplicações que são amplamente utilizadas, e como alguns desses serviços são altamente dependentes do bom funcionamento da rede, é importante garantir que em caso de falha em algum enlace, uma rota alternativa fosse gerada no menor tempo possível. Com isso, o objetivo desse trabalho é avaliar e analisar experimentalmente a ordem de grandeza do tempo, em que o controlador SDN ONOS demora para gerar uma nova rota em um ambiente multirotas, de forma autônoma, quando há falha em um enlace. Os resultados mostram que utilizando um controlador SDN ONOS é possível restabelecer a comunicação, gerando uma rota alternativa de forma automatizada, na ordem dos milissegundos.', 'Theodoro, Filipe Fuscaldi de Assis', 'Silva, Erik de Britto e\nLima, Marlon Paolo', 'http://www.monografias.ufop.br/handle/35400000/1227', 'Sistema autônomo\nControladores programáveis\nSistemas de informação', '2018', NULL, NULL, 'Sistemas de Informação', 'https://drive.google.com/open?id=1LfyQhDKyedizr_kmvVU-0vJPSwpMyPnT'),
	(9, NULL, 'UFOP', 'Sistemas de informação no processo de gestão do conhecimento : análise comparativa entre duas organizações de portes distintos', 'Com a inerente preocupação das organizações com seu tratamento informacional, objetivou\n se nesse estudo o mapeamento da utilização dos sistemas de informações no processo de\n gestão do conhecimento, avaliando as diferenças existente entre empresas de diferentes portes\n e com níveis de maturação em gestão do conhecimento distintos. Como método de estudo,\n utilizou-se a análise comparativa entre uma empresa com atuação no fornecimento de\n tecnologia e outra de representação comercial. Como resultados, houve a distinção de práticas\n adotadas pelas empresas que possibilitam definir seus pontos fortes e fracos, assim como\n descobrir o porquê das diferenças em seus níveis de maturação. Como contribuição,\n apresenta-se fatores preponderantes para tratamento do conhecimento que devem ser\n observados por organizações que busquem uma melhor gestão do conhecimento. Por fim,\n evidenciou-se a importância do alinhamento organizacional à cultura do conhecimento como\n diferencial no processo de maturação em ambas as organizações, e a necessidade de estudos\n mais aprofundados para validar, ou refutar, com uma amostra maior, as afirmações extraídas\n do presente estudo.', 'Alves, Renato Ezequiel', 'Ceribeli, Harrison Bachion', 'http://www.monografias.ufop.br/handle/35400000/541', 'Gestão do conhecimento\nSistemas de informação\nFluxos de informação', '2016', NULL, NULL, 'Sistemas de Informação', 'https://drive.google.com/open?id=1eWjoSSzh8ZEBfEBzSn3Y175WjGhH6FSy'),
	(10, NULL, 'UFOP', 'Aproveitamento da água da chuva para fins não potáveis em canteiro de obra : edifício Varandas da Pampulha', '        Dos problemas ambientais causados pela construção civil, o consumo\n irracional de água é um dos mais notáveis e, portanto, uma vertente muito\n importante a ser analisada. Os métodos construtivos hoje praticados no Brasil,\n em sua maioria, demandam um enorme volume de água para que serviços\n essenciais sejam executados. Um grande volume também é destinado para\n suprir as necessidades dos trabalhadores que atuam nos canteiros de obra,\n haja vista a alta demanda de pessoal existente no ramo da construção civil.\n Buscando a união entre a necessidade de construir de forma sustentável e a\n redução de custos, foi concebido o tema desse estudo, o qual consiste na\n elaboração de projeto para captação e reaproveitamento de água no canteiro\n de obras. No referido projeto, a água captada é reaproveitada para fins da\n própria construção e para higienização. O canteiro de obras supracitado está\n alocado no bairro Santa Amélia, Região da Pampulha, Belo Horizonte.', 'Santos, Silvia Magda Baratella', 'Barbosa Júnior, Antenor Rodrigues', 'http://www.monografias.ufop.br/handle/35400000/176', 'Engenharia civil\nÁgua - reutilização\nCanteiro de obras\nSustentabilidade', '2016', NULL, NULL, 'Engenharia Civil', 'https://drive.google.com/open?id=1DALTAM_3Ki43t9JCU-o3_hbT46SoCEQL'),
	(11, NULL, 'UFOP', 'Comparativo econômico entre os sistemas construtivos : estrutura aporticada de concreto armado com fechamento em blocos cerâmicos e alvenaria estrutural com blocos vazados de concreto – estudo de caso', 'O presente estudo visa à análise econômica comparativa da aplicação de dois\n métodos construtivos : estrutura aporticada em concreto armado com fechamento em\n blocos cerâmicos (tijolos) e a alvenaria estrutural com blocos vazados de concreto\n para um edifício exemplo, a fim de verificar qual dos sistemas resulta em menores\n custos. Pensando em empreendimentos com melhor custo benefício, buscou-se\n analisar um edifício de quatro pavimentos já construído no sistema convencional de\n concreto armado e adaptá-lo ao sistema autoportante, comparando-os e julgando qual\n se tornaria mais viável do ponto de vista financeiro. Portanto, a partir de quando se\n tem em mãos os projetos estrutural, elétrico e hidrossanitário do edifício em questão\n é que se pode determinar, através de levantamentos de custos, qual é a estrutura\n mais economicamente viável. Este trabalho, então, busca contribuir com a tomada de\n decisão estratégica sobre o melhor sistema construtivo a ser escolhido, abordando\n parâmetros como processos de projeto e execução, bem como custos e prazos,\n sempre visando à segurança, qualidade e economia, tornando o tema de grande\n interesse para as construtoras.', 'Balduino, Gabriel Mônaco', 'Silva, Guilherme Jorge Brigolini', 'http://www.monografias.ufop.br/handle/35400000/121', 'Engenharia civil\nConstrução de concreto armado\nConstrução civil - estimativa\nConstrução civil - alvenaria', '2016', NULL, NULL, 'Engenharia Civil', 'https://drive.google.com/open?id=1LCUsCTYhVKiAjaIvTM-yCzgdSpzAuceg'),
	(12, NULL, 'UFOP', 'Certificações ambientais e suas aplicabilidades no Brasil : estudo de caso da vila sustentável.', 'Atualmente a preocupação com o ambiente, principalmente nas grandes cidades, é constante. Governantes, empresários e população em geral tomam consciência que os problemas causados pela poluição se agravam à cada dia. No centro das cobranças encontra-se o setor da construção civil, responsável por boa parte dos resíduos acumulados hoje.\n Este trabalho objetiva mostrar como aplicar as certificações ambientais criadas para melhorar a eficiência e diminuir a poluição causada pela construção civil.\n Para isso foi utilizada a Vila Sustentável, que será construída na Universidade Federal de Ouro Preto, para aplicar a certificação Selo Casa Azul da Caixa Econômica Federal. Primeiramente a certificação foi profundamente estudada e seus critérios analisados, então foram usadas plantas e soluções previstas para a edificação a fim de verificar se a mesma atende aos parâmetros exigidos pela entidade.\n Finalmente, foi possível concluir que a Vila Sustentável é um empreendimento capaz de possuir uma validação de sustentabilidade de âmbito nacional, entretanto, para isso são necessárias diversas alternativas ecológicas presentes na construção que, para serem comprovadas, demandam um trabalho intenso.', 'Cristeli, Pablyne Sant\'Ana', 'Peixoto, Ricardo André Fiorotti', 'http://www.monografias.ufop.br/handle/35400000/290', 'Engenharia civil\nSustentabilidade\nMateriais de construção', '2016', NULL, NULL, 'Engenharia Civil', 'https://drive.google.com/open?id=1TUIi2_ydum4nz35CqW7CM35b3lCbFVi5'),
	(13, NULL, 'UFOP', 'Coeficiente de conformação superficial de armaduras em concreto sustentável : escória de aciaria', 'Este trabalho propõe estudar a viabilidade da utilização de agregados artificiais\n (escória de aciaria) no concreto armado. Os agregados artificiais foram\n caracterizados para determinação de suas propriedades físicas e químicas de\n acordo com a normatização da ABNT. Foram produzidas peças de concreto armado\n a partir da substituição total dos agregados convencionais por agregados obtidos do\n pós-processamento das escórias de aciaria e peças de concreto armado com\n agregados convencionais com objetivo de comparação. Os elementos foram\n produzidos a partir de uma dosagem para obtenção de resistência à compressão de\n 20 MPa e 40 MPa. Esses elementos foram submetidos à ensaios de resistência à\n tração na flexão e em seguida, foi determinado o coeficiente de conformação\n superficial dos elementos.', 'Marino, Vitor Ferraço', 'Peixoto, Ricardo André Fiorotti', 'http://www.monografias.ufop.br/handle/35400000/178', 'Engenharia civil\nAgregados - materiais de construção - aciaria\nConcreto armado\nAço - concreto - aderências', '2016', NULL, NULL, 'Engenharia Civil', 'https://drive.google.com/open?id=1SflmuFbRpcwypw69c9r506dsLKc6_9-u'),
	(14, NULL, 'UFOP', 'Certificações ambientais e suas aplicabilidades no Brasil : estudo de caso da vila sustentável.', 'Este trabalho propõe destacar a importância do controle tecnológico e\n rastreabilidade do concreto para fins estruturais, como ferramenta de\n padronização para se obter os requisitos básicos e imprescindíveis para uma\n edificação em concreto armado, como a conformidade com projeto,\n durabilidade, qualidade e segurança. Nesse contexto, foram demonstrados\n todos os processos e equipamentos desde a escolha e o recebimento dos\n materiais a serem utilizados no concreto, o gerenciamento dos serviços e\n processos no canteiro de obras, até a execução de ensaios em laboratórios. O\n trabalho ainda indica as patologias que podem ser desenvolvidas em função da\n execução deficiente ou ausência dos procedimentos de controle tecnológico.\n Foi proposto assim, um protocolo para ações executivas do controle\n tecnológico, de rastreabilidade e mapeamento do concreto feito in loco em uma\n fundação tipo radier.', 'Pedrosa, Marina Laport Cabral', 'Peixoto, Ricardo André Fiorotti', 'http://www.monografias.ufop.br/handle/35400000/159', 'Engenharia civil\nConcreto\nControle de qualidade\nControle técnico - confiabilidade - engenharia', '2016', NULL, NULL, 'Engenharia Civil', 'https://drive.google.com/open?id=1TUIi2_ydum4nz35CqW7CM35b3lCbFVi5'),
	(15, NULL, 'UFSC', 'A busca por parâmetros jurisprudenciais para caracterização de concorrência desleal no âmbito da proteção ao "trade dress"', 'Por meio de pesquisa descritiva, a doutrina e jurisprudência brasileira e estrangeira são analisadas para atingir o objetivo do presente trabalho de conceituar o instituto do “trade dress” e tentar identificar os requisitos para caracterizar sua proteção no âmbito da concorrência desleal. O “trade dress” tem origem nos Estados Unidos da América e, no Brasil, ante a ausência de disposição expressa em lei, é conceituado pela doutrina e jurisprudência, sendo que os tribunais brasileiros já entendem pela necessidade de sua proteção, que é efetivada mediante normas que reprimem a concorrência desleal, exigindo-se para tanto a presença de alguns requisitos ainda não unânimes na jurisprudência. Primeiramente, a presente monografia demonstrará a conceituação e a legislação aplicada à repressão da concorrência desleal no Brasil, bem como em âmbito internacional, por meio da Convenção da União de Paris (CUP). Em seguida, o instituto do “trade dress” será contextualizado de acordo com a doutrina brasileira e estrangeira. Por fim, algumas demandas judiciais envolvendo o “trade dress” serão expostas e analisadas, a fim de aferir se é possível extrair requisitos para proteção do conjunto imagem de determinado produto, estabelecimento ou serviço. Após análise aos julgados, a conclusão é pela impossibilidade do estabelecimento de parâmetros concretos para proteção ao conjunto imagem, ante a falta de conhecimento específico acerca da matéria pelos julgadores, bem como da falta de construção doutrinária sobre o tema.', 'Viegas, Natália Sché', 'Liz Beatriz Sass', 'https://repositorio.ufsc.br/bitstream/handle/123456789/190294/TCC%20-%20Nat%C3%A1lia%20Sch%C3%A9%20Viegas%20-%20vers%C3%A3o%20final%20-%20reposit%C3%B3rio.pdf?sequence=1&isAllowed=y', 'Concorrência desleal, “trade dress”, conjunto imagem, Lei de Propriedade\nIndustrial.', '2018', NULL, NULL, 'Direito', 'https://drive.google.com/open?id=1jyHguBw3noA5QdYsJM5qcJBuGUFlEwao'),
	(16, NULL, 'UFSC', 'O direito de ser idiota: a liberdade de expressão como garantia constitucional das ideias repulsivas e discursos preconceituosos', 'O presente trabalho versa sobre a relação entre a liberdade de expressão e os discursos preconceituosos e do ódio no direito brasileiro, buscando uma conclusão quanto à constitucionalidade das limitações legais à liberdade de expressão. A metodologia aplicada é a analítica-indutiva. Examina-se, primeiramente, a liberdade de expressão tanto no seu viés político-filosófico quanto técnico-jurídico, estudando todos as principais características deste direito fundamental. Passa-se então à análise dos crimes contra a honra sobre a luz da Constituição Federal de 1988 e sua garantia especial à liberdade de expressão, discorrendo sobre a (in)constitucionalidade destas tipificações. Após, trata-se da relação entre a liberdade de expressão e o politicamente correto, bem como os demais crimes de opinião previstos na legislação brasileira e a possibilidade do discurso do ódio. Por fim, discorre-se brevemente sobre a eficácia real da liberdade de expressão em prol de uma civilização tolerante.', 'Silva, Nicole da', 'Liz Sass.', 'https://repositorio.ufsc.br/handle/123456789/188658', 'Liberdade de expressão. Crimes contra a honra. Politicamente correto. Discurso do ódio. Tolerância', '2018', NULL, NULL, 'Direito', 'https://drive.google.com/open?id=12E1_8f2JZ5U7bJC1oCI8hfpFAoj1DUC3'),
	(17, NULL, 'UFJF', 'O ordenamento jurídico brasileiro sob a perspectiva da proteção ao trabalho da mulher', 'O presente artigo tem como escopo a análise do ordenamento jurídico\n sob a perspectiva da proteção ao trabalho da mulher e de como a legislação\n contribui para a manutenção de entraves para a sua inserção no mercado de\n trabalho, uma vez que há diversas normas que a colocam em posição diferenciada\n em relação ao homem. Identificar-se-á em quais pontos na CLT e na Constituição\n Federal há essas diferenciações e a possibilidade de diminuí-las ou fragmentá-las.', '        Carneiro, Lays Martins', 'Salles, Flávio Bellini de Oliveira', 'https://repositorio.ufjf.br/jspui/handle/ufjf/7367', 'Mulher\nMercado de trabalho\nCLT\nObstáculos\nMaternidade\nWoman\nJob market\nCLT\nObstacles\nMaternity', '2018', NULL, NULL, 'Direito', 'https://drive.google.com/open?id=1vBuZ2lR3EksTlV4Q0YMsa7KSb3yko2oI'),
	(18, NULL, 'UFJF', '	Um olhar sobre a criminalização feminina e sua reprodução no tempo', 'O presente trabalho propõe uma análise acerca do processo de criminalização feminina ao longo de tempo, com ênfase nos modelos de dominação masculina intensificados nas sociedades ocidentais a partir do século XIII, tendo como principal referencial teórico as obras “História do medo no Ocidente”, de Delumeau (1989) e “A questão criminal”, de Zaffaroni (2013), demonstrando-se que a inferiorização da mulher é inerente aos discursos punitivos, que, por sua vez, se propõem à manutenção das estruturas hierárquicas de poder, marcadamente machistas e patriarcais. Dado o panorama histórico, foi feita uma relação entre os processos de assujeitamento das mulheres e o aumento vertiginoso do encarceramento feminino no Brasil nas últimas décadas, que se deu principalmente por delitos relacionados ao tráfico de drogas. Para tanto, foram analisadas, sob a perspectiva da Criminologia Crítica, as políticas criminais bem como as disposições legislativas atualmente destinadas ao combate de delitos dessa natureza e seus reflexos. Além disso, foram expostas as deficiências estruturais e assistenciais das penitenciárias brasileiras, que notadamente não estão preparadas para receber as mulheres e atender as suas necessidades, uma vez que foram feitas por e para homens. Posteriormente foi traçado o perfil das mulheres encarceradas no Brasil, demonstrando-se que os grupos mais estigmatizados socialmente são também os mais vulneráveis à aplicação seletiva do direito penal. Por fim, a presente pesquisadora, utilizando-se do método da observação participante, se inseriu no projeto de extensão acadêmica “Mulheres, apesar do cárcere”, promovido pela Universidade Federal de Juiz de Fora, para conhecer a realidade das mulheres presas na comarca de Juiz de Fora, sendo relatados, neste trabalho, os aspectos mais relevantes acerca das condições existenciais das mulheres privadas de liberdade na Penitenciária Professor Ariosvaldo Campos Pires, localizada na cidade de Juiz de Fora/MG.', 'Pinto, Mariana Silva Souza', 'Rodrigues, Ellen Cristina Carmo', 'https://repositorio.ufjf.br/jspui/handle/ufjf/7363', 'Dominação masculina\nEncarceramento feminino\nSeletividade penal\nCriminologia\nJuiz de Fora\nFemale criminalization\nMale domination\nFemale incarceration\nCriminology\nCriminal selectivity\nJuiz de Fora', '2018', NULL, NULL, 'Direito', 'https://drive.google.com/open?id=1-uKg_DMqZ_B1Bs9gFbn-VTU28-n9sajS'),
	(19, NULL, 'UFJF', 'O STF e a judicialização da política: um estudo comparativo entre Brasil e Alemanha', 'O tema “judicialização da política” significa a intervenção decisória do Poder\n Judiciário capaz de comprometer a conjuntura política nas democracias\n contemporâneas.\n A conseqüência direta dessa intervenção é a ampliação do poder judicial em\n matérias que seriam, em tese, alocadas às competências do Executivo e\n Legislativo, com inspiração na teoria do checks and balances (princípio da\n separação dos poderes). A “judicialização da política” ocasiona à “politização\n da justiça” e deste modo, existirá judicialização da política sempre que os\n tribunais, no desempenho normal de suas funções, afetam de modo\n significativo as condições políticas.\n O alvo deste trabalho é esquematizar, em linhas gerais, a relação entre a\n judicialização da política e o princípio da separação dos poderes a partir de\n dois núcleos básicos. O primeiro visa delinear a doutrina clássica e\n contemporânea da separação dos poderes e o segundo núcleo pretende\n discorrer sobre as novas tendências da jurisdição constitucional regulada pelo\n ativismo judicial no Brasil e fazer um estudo comparado com o ativismo judicial\n na Alemanha onde a judicialização da política recebe atenção especial por\n parte da doutrina.', 'Orlando, Kizzi Stigert', 'Ferreira, Rafael Alem Mello', 'https://repositorio.ufjf.br/jspui/handle/ufjf/5217', 'Separação dos poderes\nJudicialização da política\nDemocracia\nSupremo tribunal federal\nControle de constitucionalidade\nDireitos fundamentais\nTribunal constitucional federal da Alemanha\nTheory of Cchecks and balances\nJudicialization of politcs\nDemocracy\nFederal supreme court\nConstitutional control\nFundamental rights\nConstitutional court of Austria', '2010', NULL, NULL, 'Direito', 'https://drive.google.com/open?id=1vcd7ngRvpA_xifBQ1nGz2SIoMDptrecb'),
	(20, NULL, 'UFJF', 'A prova ilícita no processo penal e o princípio da faculdade de direito proporcionalidade', 'Esta monografia tem por escopo uma análise crítica acerca das provas\n ilícitas no processo penal e sua eventual possibilidade de aproveitamento, sempre\n aliado aos critérios hermenêuticos de aplicação do princípio da proporcionalidade.\n A inadmissibilidade das provas ilícitas no processo é uma garantia do cidadão\n contra as ingerências do Estado, plasmada no efeito dissuasório da norma.\n Situações há, contudo, que a flexibilização da norma se imporá não somente no\n ensejo de corrigir o resultado indesejado de se condenar um inocente, mas\n também na tutela penal eficiente da sociedade, tão merecedora de proteção\n quanto aquele. Por isso que em alguns casos-limites, minuciosamente\n desvendados ao longo deste trabalho, a prova ilícita pro societate, se não tiver\n perfeito cabimento, por certo gozará de ao menos um cauteloso e sopesado\n estudo, sob pena de esmorecimento dos ideais de justiça.', 'Silva, Gustavo José Pedroza', 'Cruz, Pablo Farias Souza', 'https://repositorio.ufjf.br/jspui/handle/ufjf/5256', 'Inadmissibilidade das provas ilícitas\nRelatividade dos direitos e garantias fundamentais\nPrincípio da proporcionalidade\nInteresse preponderante\nGravidade do crime\nEfeito dissuasório\nProteção penal eficiente\nUnidade do ordenamento', '2010', NULL, NULL, 'Direito', 'https://drive.google.com/open?id=1VWHipN_pvwpoFmemj59BU5wSJ4YCijby'),
	(21, NULL, 'FGV', 'A responsabilidade tributária na dissolução irregular', 'O presente trabalho se dedica a aprofundar o estudo da responsabilidade tributária dos sócios e administradores de sociedades empresariais por débitos tributários das empresas que se dissolvem irregularmente. No curso deste trabalho apresenta-se o atual posicionamento jurisprudencial do Superior Tribunal de Justiça sobre o tema, sendo que tal entendimento já se encontra pacificado, havendo, inclusive, Súmula da referida Corte sobre o assunto. A questão da dissolução irregular é abordada em nosso trabalho sob uma perspectiva diferente da que atualmente prevalece na jurisprudência, pois consideramos que a simples dissolução de fato, independente da apuração das causas que levaram a essa situação, não poderia ser elemento hábil a responsabilizar de maneira automática os sócios pelos débitos tributários das empresas. Passamos por uma análise da referida jurisprudência e de normas administrativas que circundam o tema, bem assim do principal dispositivo do Código Tributário Nacional que trata do assunto, qual seja, o artigo 135, III. Tudo isso para, ao fim, apresentarmos uma proposta de releitura desse entendimento jurisprudencial, bem assim de aperfeiçoamento do procedimento administrativo atualmente existente para apuração desta responsabilidade, denominado PARR.', 'Valentim, Renato Borelli Fernandes', 'Araujo, Juliana Furtado Costa', 'http://hdl.handle.net/10438/24847', 'Dissolução, irregular, responsabilidade, tributária e sócio', '2018', NULL, NULL, 'Direito', 'https://drive.google.com/open?id=1t4xGV_0a2LgxyEaYHdhb8qU3-8UCM4QZ'),
	(22, NULL, 'FGV', 'Tributação de operações no mercado doméstico de crowdfunding de investimento', 'O presente trabalho tem por objetivo identificar as possíveis implicações tributárias para o investidor no mercado doméstico de crowdfunding de investimento. Mais especificamente, trata da tributação dos ganhos e rendimentos provenientes do investimento de capital empreendedor em sociedades empresárias de pequeno porte, por parte de pessoa física residente no Brasil, no ambiente de plataforma eletrônica de investimento participativo. O método de investigação adotado é o interpretativo, mas buscou-se em evidências empíricas, elementos indicativos para melhor conexão do conteúdo desenvolvido com a realidade observada. As duas questões centrais para as quais o trabalho busca apresentar resposta são: a) Qual é a tributação incidente sobre o investimento nos valores mobiliários no mercado doméstico de crowdfunding de investimento? b) A tributação do investimento via crowdfunding de investimento é coerente com as medidas de incentivo ao investimento em capital produtivo? As normas jurídicas aplicáveis à prática jurídica-negocial investigada são analisadas, considerando os vetores orientadores da regulação e da tributação nos mercados financeiro e de capitais, bem como a necessidade de mecanismos que contribuam para o desenvolvimento nacional.', 'Marçal, Daniela Beretta', 'Piscitelli, Tathiane dos Santos', 'http://hdl.handle.net/10438/24827', 'Capital empreendedor. Crowdfunding. Financiamento coletivo. Crowdfunding de\ninvestimento. Investment based crowdfunding. Cowdfunding de valores\nmobiliários. Equity crowdfunding. Financiamento. Pequeno negócio. Investimento.\nInvestidor de varejo. Mercados financeiro e de capitais. Tributação. Incentivo.\nDistorção tributária. Desenvolvimento nacional. ', '2018', NULL, NULL, 'Direito', 'https://drive.google.com/open?id=1tbx8xYS3L5tdeLBXxhyNv95uUHEpiZsM'),
	(23, NULL, 'FGV', 'Relativização da coisa julgada nas ações declaratórias de paternidade', 'O presente trabalho objetiva apresentar à problemática envolvendo a existência de dois direitos fundamentais constitucionalmente garantidos (direito à filiação e a coisa julgada) que, devido ao surgimento de uma técnica científica, o exame de DNA, passouse a refletir qual direito deve prevalecer diante do outro e de uma possível relativização da coisa julgada material. Para tanto se faz necessário a análise dos princípios constitucionais envolvidos na relação, o princípio da segurança jurídica e, por outro lado, o princípio da dignidade da pessoa humana. Trata-se de um movimento que envolve uma ampla discussão doutrinária, bem como a jurisprudência competente, que serão devidamente apresentados.', 'Garcia, Fábio Silveira', 'Guedes, Demian', 'http://hdl.handle.net/10438/10487', 'Direitos fundamentais, coisa julgada, segurança jurídica, ação\nrescisória, direito a filiação, dignidade da pessoa humana, relativização. ', '2018', NULL, NULL, 'Direito', 'https://drive.google.com/open?id=1oj462FBB9ZKPggULg8Ff4bVwtn6PYXRy'),
	(24, NULL, 'UFU', 'Abandono afetivo: responsabilidade civil e possibilidade de indenização pecuniária', 'O presente estudo objetiva analisar a família em suas mais diversas formações e\n como o afeto tem relação direta com suas mudanças e sua formação atual. Trata-se\n de estudo a respeito do fenômeno do abandono afetivo ainda tão presente em várias\n entidades familiares e como este abandono pode ou não ensejar uma indenização\n pecuniária à crianças e adolescentes que tiveram um escasso ou nenhum tipo de\n suporte afetivo por seus genitores. A análise é realizada através do método lógico\n dedutivo, partindo do exame das normas constitucionais, princípios gerais e\n específicos do Direito de família, normas gerais e legislação esparsa. A pesquisa é\n orientada a partir de posicionamento doutrinário jurídico e no sistemanormativo\n pátrio, vez que o tema aqui ainda não se encontra pacificado junto aos tribunais\n brasileiros. O referido estudo visa ainda analisar os pontos de vista sobre a\n possibilidade ou não da responsabilização pecuniária por abandono afetivo para\n tanto, explana-se sobre doutrinadores e juristas com opiniões distintas sobre o tema.\n Por fim, faz-se uma breve análise sobre a Lei nº 13.058, Lei da Guarda\n compartilhada como uma alternativa ao problema social que é o abandono afetivo.', '	Lima, Atila Pereira', 'Boyadjian, Gustavo Henrique Velasco', 'https://repositorio.ufu.br/handle/123456789/21619', '	Afeto\nAfetividade\nFamília\nDireito de família\nFiliação\nEfetividade\nDireitos fundamentais\nDignidade\nAbandono afetivo\nResponsabilidade\nLei', '2017', NULL, NULL, 'Direito', 'https://drive.google.com/open?id=1Ai_ObzcroB6xzwfLLV7N5skB3OW2XzWc'),
	(25, NULL, 'UFU', 'Homidídios passionais: a paixão e sua motivação para o crime', 'O crime passional, não tem uma solução prática no atual direito penal brasileiro, principalmente o homicídio passional, esse crime acaba sendo julgado como um homicídio comum previsto no Código Penal. Desta forma esse trabalho foi realizado a partir do método de abordagem hipotético-dedutivo, buscando definir o crime passional e seus aspectos criminológicos e psicológicos, trazendo uma exposição de casos célebres ocorridos no Brasil e que foram destaques na mídia. Foram demonstradas as teses usadas no julgamento de tais crimes e consequentemente sua punição na atualidade. Para esse estudo foram utilizadas doutrinas, revistas científicas e jornalísticas e documentos eletrônicos. Verificou-se no decorrer deste trabalho que o crime passional precisa de um tipo penal próprio e uma punição algumas vezes mais severa.', '	Mota, Thalita de Sousa', 'Cunha, Helvécio Damis de Oliveira', 'https://repositorio.ufu.br/handle/123456789/21610', 'Direito penal\nCrime\nCrime Hediondo\nHomicídio\nHomicídio passional\nCriminal law\nHideous crime\nHomicide\nPassionate murder', '2017', NULL, NULL, 'Direito', 'https://drive.google.com/open?id=1FjQa3FS2FJNovESFpEp6IyGTZVUlO7Zy'),
	(26, NULL, 'UFU', 'A legalidade da união estável poliafetiva no sistema jurídico brasileiro', 'O presente trabalho teve o intuito de identificar o histórico do poliamorismo no Brasil, bem como, as normas que devem nortear a formalização da união dessa forma de constituição de família. Tal trabalho usou do método indutivo, que permitiu demonstrar a legalidade das uniões poliafetivas no ordenamento jurídico brasileiro, além de pesquisa bibliográfica e pesquisa indireta (doutrina e jurisprudência). Inicialmente demonstrando a evolução da família até os tempos atuais. Após estas análises buscou-se esclarecer a possibilidade de constituição familiar além da monogamia demonstrando a necessidade da interpretação ampliativa do direito posto, além da mínima intervenção estatal no direito das famílias, com a valorização do direito à busca à felicidade. Ao fim é apresentado questões relativas ao “poliamor” para, finalmente, demonstrar a possibilidade de geração de efeitos, de ordem pessoal.', '	Rodrigues Padilha, Natália', '	Dos Santos Ribeiro, Rodrigo', 'https://repositorio.ufu.br/handle/123456789/18597', 'Poliamorismo no Brasil\nDireito à busca à felicidade\nFamílias\nPoliamorismo in Brazil\nRight to the pursuit of Happiness\nFamilies', '2016', NULL, NULL, 'Direito', 'https://drive.google.com/open?id=1wnYH-UilTpZ7eF06B2NpHTAQYu7OCzQN'),
	(27, NULL, 'UFOP', 'Análise da transferência do conhecimento de uma incubadora de empresas de base tecnológica para as incubadas', 'As Empresas de Base Tecnológica (EBTs) incubadas necessitam receber conhecimento técnico e tecnológico que as possibilitem operar de maneira intensiva, convertendo suas ideias em produtos e serviços, à serem disponibilizados no mercado. Para que possam se estabelecer no mercado e darem continuidade ao negócio se faz necessário que adquiram também expertise em áreas gerenciais, como por exemplo, recursos humanos, marketing e contabilidade. Neste sentido, as Incubadoras de Empresas de Base Tecnológica (IEBTs) assumem um importante papel no posicionamento mercadológico e amadurecimento do negócio das incubadas, oferecendo suporte, por meio da disponibilização de infraestrutura física adequada; das parcerias estabelecidas com agentes financiadores ou mantenedores, e da transferência do conhecimento. Diante do exposto, este trabalho teve como objetivo descrever como uma IEBT, vinculada a uma instituição de ensino superior pública localizada no estado de Minas Gerais, transfere o conhecimento às EBTs incubadas. Para isso, o procedimento metodológico adotado foi a pesquisa de abordagem qualitativa e de natureza descritiva. Como instrumentos de coleta de dados utilizou-se a análise documental e a entrevista semiestruturada, aplicadas a coordenadora da incubadora e aos sócios de duas empresas incubadas. Ainda, dentro dos aspectos metodológicos foi utilizada a operacionalização da pesquisa, com a finalidade de direcionar a análise de dados. Posteriormente procedeu-se a análise dos dados coletados, que permitiram o entendimento sobre como ocorre o processo de transferência do conhecimento da incubadora para as incubadas, assim como a identificação dos conhecimentos gerenciais, como sendo os conhecimentos críticos que são transferidos de maneira tácita a estas empresas. A análise dos resultados também transpareceu os fatores que facilitam e os que dificultam o processo estudado.\n', 'Cruz, Thaysa Silva da', 'Pereira, Alana Deusilan Sester', 'http://www.monografias.ufop.br/handle/35400000/292', 'Empreendedorismo\nIncubadoras de empresas\nEmpresas novas\nConhecimento', '2016', NULL, NULL, 'Empreendedorismo', 'https://drive.google.com/open?id=1uS7YsVPfpYgd478lN0_iNuRTEmgQgl2T'),
	(28, NULL, 'UFOP', 'Análise de implantação de uma sala de cinema no município de João Monlevade (MG) por meio da elaboração de um plano de negócios', 'Neste trabalho, são mostradas as etapas para a elaboração de um plano de negócios, os desafios de um empreendedor e qual a função de um documento desta natureza. Para isso, tem-se como base um estudo para a abertura de uma sala de cinema no município de João Monlevade (MG). Durante a execução, analisou-se informações baseadas em uma organização pré-definida por meio do estudo da literatura, chegando em uma definição comum: Sumário Executivo, Análise de Mercado, Plano Operacional, Plano de Marketing, Plano Financeiro e Avaliação Estratégica. No presente documento, aprofundou-se os cálculos sobre cada aspecto do negócio, mostrando se a operação é viável ou não. Ao fim, discorre-se sobre a viabilidade ou não do empreendimento e seu potencial para investidores baseados em indicadores como Retorno de Investimento (ROI).', 'Ambrósio, Rafael Cazazza', 'Almeida, Thairone Ezequiel de', 'http://www.monografias.ufop.br/handle/35400000/786', 'Plano de negócios\nEmpreendedorismo\nCinema', '2018', NULL, NULL, 'Empreendedorismo', 'https://drive.google.com/open?id=1UBeq8KcGlTC-wL-hDcr_spPIghazLtua'),
	(29, NULL, 'UFOP', 'Empreendedorismo feminino e os aspectos sustentáveis para a implementação de escolas de idiomas', 'As mulheres, ao longo dos anos, passaram a atuar fortemente no mercado de trabalho e, consequentemente, como empreendedoras. Elas saem da condição de donas de casa e passam a ser vistas como profissionais multifuncionais. Ressalta-se que suas características singulares contribuem para uma liderança positiva nos negócios. A sua criatividade e sensibilidade permitem o desenvolvimento de produtos e serviços inovadores e sustentáveis. Sendo assim, no decorrer deste estudo, além do destaque para as dificuldades de se empreender, ressaltar-se-á o árduo caminho a ser percorrido para se tornar um empreendedor no Brasil, sobretudo quando se trata das mulheres de negócios. Diante esse contexto, tem-se como objetivo identificar, sob a luz do empreendedorismo feminino, os aspectos sustentáveis para a implantação e solidificação de uma escola de língua inglesa. Para que as ideias fossem desenvolvidas fez-se pesquisas bibliográficas e documentais assim como uma pesquisa de mercado para entender o que os clientes esperam de uma escola. A partir da investigação notou-se a necessidade de interagir os pais no processo de aprendizagem dos seus filhos, reduzir custos e consequentemente o preço a ser pago. Por fim, foram feitas as sugestões de melhorias visando uma escola de idiomas inovadora e sustentável que atenda às necessidades dos clientes sem prejudicar a empresa e cumprindo o seu papel social.', 'Benemond, Rúbia Silva', 'Alves, Jean Carlos Machado', 'http://www.monografias.ufop.br/handle/35400000/664', 'Empreendedorismo\nSustentabilidade\nMulheres - emprego', '2017', NULL, NULL, 'Empreendedorismo', 'https://drive.google.com/open?id=1zmnm-Cdq7WjshFmFSvE6A2sQpOrL07_A'),
	(30, NULL, 'UFOP', 'Ciclo de vida organizacional : um estudo de micro e pequenos negócios no setor de vestuário que superaram as fases iniciais', 'Dada a quantidade de estudos presentes no âmbito acadêmico voltados para as causas da\n mortalidade das Micro e Pequenas Empresas e o número significativo de empreendimentos\n que encerram suas atividades até o segundo ano de existência, o presente artigo teve como\n objetivo analisar as características de micro e pequenas empresas que sobreviveram aos anos\n iniciais de sua existência e foram capazes de se consolidarem no mercado. O método de\n pesquisa utilizado foi o estudo de casos múltiplos, que permite estabelecer uma análise\n comparativa entre os objetos estudados, buscando similaridades e diferenças. A partir dos\n dados coletados, evidenciou-se a busca pela diferenciação em relação aos concorrentes, assim\n como a preocupação com a aquisição de know-how para levar o negócio adiante. Esta\n pesquisa contribui para o meio acadêmico, pois tem o potencial de incentivar uma linha de\n estudos que, ao invés de investigar a causa mortis das MPEs, contribua para a disseminação\n de práticas empresariais que lograram êxito no mercado. Quanto ao meio gerencial, esta\n investigação descortina certos aspectos que caracterizam MPEs que se mantiveram perenes ao\n longo do tempo, superando, principalmente, os obstáculos iniciais que são responsáveis pelo\n fechamento de muitos pequenos negócios no país. Assim, espera-se que empreendedores\n brasileiros encontrem, nos resultados aqui descritos, práticas bem sucedidas que os auxiliem\n na gestão de seus micro e pequenos empreendimentos.', 'Santos, Karen Priscila dos', 'Ceribeli, Harrison Bachion', 'http://www.monografias.ufop.br/handle/35400000/945', 'Pequenas e médias empresas - administração\nEmpreendedorismo', '2017', NULL, NULL, 'Empreendedorismo', 'https://drive.google.com/open?id=1jmTMmpFnIKDibBJnDGpK9GU2Pw687hBE'),
	(31, NULL, 'UFPB', 'Relação entre duração do sono e consumo de alimentos ultraprocessados em adolescentes escolares em João Pessoa - PB', 'A adolescência é uma fase da vida caracterizada por mudanças físicas e sociais importantes, sendo uma delas a duração do ciclo vigília-sono. A redução das horas de sono pode resultar no aumento da fome e da ingestão alimentar. Ademais, certos fatores como o nível socioeconômico e o aumento da vida social, comum na adolescência, pode levar a redução de horas de sono, que além de gerar aumento do apetite, gera uma preferência por alimentos mais calóricos como os ultraprocessados. O objetivo do presente estudo foi identificar a relação entre duração do sono e o consumo de alimentos ultraprocessados por adolescentes escolares de João Pessoa, PB. Analisaram-se os dados de 1438 escolares de ambos os sexos, com idade de 10 a 14 anos, parte do baseline do Estudo Longitudinal sobre Comportamento Sedentário, Atividade Física, Hábitos Alimentares e Saúde de Adolescentes - Estudo LONCAAFS, no ano de 2014. Foram avaliados dados sociodemográficos, de duração do sono e consumo alimentar. A medida de duração do sono foi avaliada através de questionário e o consumo alimentar foi obtido por dois Recordatórios de 24h (R24h), sendo um aplicado em uma subamostra. Os itens alimentares foram classificados de acordo com a NOVA classificação que acompanha a extensão e o grau de processamento industrial, em quatro grupos: in natura ou minimamente processados, ingredientes culinários, processados e ultraprocessados. Para a caracterização da amostra os dados foram apresentados em frequência absoluta e relativa, de acordo com a duração do sono. A associação entre o sono e o consumo de ultraprocessados foi feita por meio do teste qui-quadrado de Pearson. O percentual de energia proveniente do consumo de alimentos ultraprocessados foi de 43%. Dos adolescentes entre 12 e 14 anos, que são maior parte do estudo, 54,3% possuem a duração de sono recomendada para a faixa etária, de 9 a 11h. 57,1% dos alunos com normal ou baixo peso dormem entre 9-11h por dia, enquanto 51,1% dos com sobrepeso e obesidade dormem a mesma quantidade de tempo. Dentre os adolescentes que dormem de 9-11h por dia, 26,75% consomem uma alta quantidade de UP. Não foi observada associação estatisticamente significativa entre as variáveis duração do sono e consumo de alimentos ultraprocessados. (p=0,598). Apesar da não existência de associação, levando-se em conta o crescente consumo de alimentos ultraprocessados em relação a alimentos in natura e minimamente processados, deve-se atentar sempre ao consumo dos mesmos, tendo em vista o fato de serem fator de influência no aumento da ingestão de nutrientes como gorduras, carboidratos refinados e sódio, podendo exercer efeitos futuros na saúde e nutrição dos indivíduos.', 'Silva, Thalita Oliveira da', 'Ferreira, Flávia Emília Leite de Lima', 'https://repositorio.ufpb.br/jspui/handle/123456789/11607', 'Adolescência\nDuração do sono\nProcessamento de alimentos\nNutrição', '2018', NULL, NULL, 'Nutrição', ''),
	(32, NULL, 'UFOP', 'Microempreendedor indivudual : um estudo de Ouro Preto/MG', 'No Brasil nos anos 2000, foi observado um grande número de pequenos empresários\n que atuavam na informalidade e para tentar resolver esse problema, foi criada, a partir\n da Lei Complementar 128/2008, a figura do Microempreendedor Individual (MEI). O\n MEI trabalha por conta própria não podendo ultrapassar o faturamento anual de R$\n 60.000,00. Formalizado, o empreendedor passar a poder usufruir de vários benefícios\n contemplados pelo programa, como auxilio doença, linha de crédito com juros menores,\n entre outros. O objetivo do estudo foi compreender as dificuldades encontradas pelos\n empresários na formalização do seu negócio, os motivos pelos quais se legalizaram e os\n principais benefícios do programa. Foi realizada uma pesquisa qualitativa descritiva por\n meio de entrevistas com empreendedores da cidade de Ouro Preto/MG. Os resultados\n alcançados constatam a facilidade para se formalizar como um Microempreendedor\n Individual e apontam o fator previdenciário como um dos principais benefícios do\n programa.', 'Moreira, Luiz Gustavo Gonzaga', 'Rezende, Ana Flávia', 'http://www.monografias.ufop.br/handle/35400000/960', 'Empreendedorismo\nEmpresários', '2017', NULL, NULL, 'Empreendedorismo', 'https://drive.google.com/open?id=1ufvhIzCuZlwePdYfN4zE389WDsU2lnOu'),
	(33, NULL, 'UFPB', 'Impacto da disfagia no consumo alimentar e estado nutricional de pacientes atendidos no ambulatório de cabeça e pescoço em hospital universitário', 'Todos os anos, pessoas de todas as idades no mundo são diagnosticadas com dificuldades de alimentação e deglutição (disfagia). Que de maneira geral pode ser descrita como dificuldade de mover o alimento ou líquido da boca até o estômago. A presença desse distúrbio pode estar associada ao consumo inadequado de nutrientes e a desnutrição, causados pelo baixo consumo alimentar e uma dieta com consistência não adequada, principalmente pelos sintomas apresentados, como engasgar ou tossir durante ou após as refeições. Este estudo tem por objetivo avaliar o impacto da disfagia no consumo alimentar e estado nutricional de pacientes portadores patologia de cabeça e pescoço. A amostra foi composta por 53 indivíduos do sexo feminino, adultos, atendidos no ambulatório de cabeça e pescoço em um hospital universitário na cidade de João Pessoa. Foram coletados dados antropométricos dos participantes da pesquisa, tais como peso e altura e foram coletadas também informações sobre o consumo alimentar destes indivíduos através de um recordatório alimentar de 24h e questionário sobre deglutição. Os resultados demonstraram que mais da metade dos pacientes estavam acima do peso ideal. Quanto a deglutição, mais da metade dos indivíduos referiram algum desconforto ou dificuldade ao deglutir alguns alimentos. Observou-se ainda que esse distúrbio está associado ao consumo de carboidratos em geral, bem como de fibras alimentares, cobre e sódio. Concluiu-se, portanto, que a disfagia influencia diretamente no consumo alimentar prejudicando assim, a ingestão de macro e micronutrientes.', 'Medeiros, Juan Pinheiro da Costa', 'Lins, Pamela Rodrigues Martins', 'https://repositorio.ufpb.br/jspui/handle/123456789/11286', 'Disfagia\nEstado nutricional\nConsumo alimentar\nNutrição', '2017', NULL, NULL, 'Nutrição', 'https://drive.google.com/open?id=1KS1uMA5oYU7olahQWA38jdM5g6zuCrnL'),
	(34, NULL, 'UFPB', 'Avaliação dos fatores de risco para doenças cardiovasculares em pacientes de um serviço de nutrição ambulatorial', 'As doenças cardiovasculares (DCV) são a principal causa de morte e de incapacidade ajustada\n pela idade no Brasil e em todo o mundo. Envolvem alterações patológicas de vasos\n sanguíneos corporais, localizados principalmente no coração. Os fatores de risco para DCV\n são responsáveis por grande parte desses óbitos e correspondem a interações entre fatores\n genéticos e de estilo de vida que podem ser potencializados por questões culturais e\n socioeconômicas. O conhecimento dos fatores de risco para o desenvolvimento das Doenças\n cardiovasculares é o primeiro passo para mudanças no estilo de vida da população,\n subsidiando a prevenção das mesmas. Sendo assim, o presente estudo teve como objetivo\n analisar a presença de fatores de risco cardiovascular em pacientes atendidos em um serviço\n de nutrição ambulatorial. Tratou-se de um estudo transversal, descritivo e quantitativo. A\n amostra foi composta por 53 pacientes de ambos os sexos, sem histórico de morbidades\n cardiovasculares, atendidos em um serviço de nutrição ambulatorial. Para a coleta de dados\n foi realizada a aplicação de um questionário para caracterização socioeconômica, clinica e de\n estilo de vida dos pacientes e feita a aferição das medidas antropométricas. Os dados\n coletados foram utilizados como parâmetros para a investigação dos fatores de risco\n cardiovasculares investigados que foram idade a partir de 45 anos, sexo masculino, raça\n negra, baixa escolaridade, baixa renda e presença de Hipertensão arterial, Diabetes melito,\n Dislipidemias, Obesidade total e central, tabagismo, etilismo e sedentarismo. De acordo com\n os resultados, Obesidade, sedentarismo, renda familiar menor que três salários mínimos e\n idade maior que 45 anos foram os principais fatores de risco, sendo acometidos por mais de\n 60% dos pacientes. Os pacientes apresentaram um quadro de sobrepeso e obesidade pelo\n Índice de massa corporal (IMC) e de obesidade abdominal pela Circunferência da cintura e\n Razão cintura estatura (RCE), sendo inseridos na categoria de risco elevado para doenças\n cardiovasculares. A relação entre os indicadores antropométricos com as morbidades que\n caracterizaram os fatores de risco apresentaram relação significativa com o IMC, mas não\n com o RCE. Em conclusão observou-se que os pacientes possuem uma grande probabilidade\n de desenvolvimento de doenças cardiovasculares nos próximos anos pela alta quantidade de\n fatores individuais e associados de risco cardiovascular presentes.', '	Costa, Talita Iraci Lins Rabelo da', 'Oliveira,Sônia Cristina Pereira de', 'https://repositorio.ufpb.br/jspui/handle/123456789/969', '	Doenças Cardiovasculares\nFatores De Risco\nIndicadores Antropométricos\nObesidade Abdominal', '2015', NULL, NULL, 'Nutrição', 'https://drive.google.com/open?id=1Lnw-OoDTzRvys3Vk9LARQkUzJxNNBVPI'),
	(35, NULL, 'UFPB', 'Câncer de mama e alimentação : percepções de mulheres com histórico de câncer de mama sobre o papel da alimentação na prevenção e no tratamento.', 'O Câncer de Mama é o tipo de câncer que mais acomete as mulheres em todo \n o \n mundo. A existência do câncer result\n a em mudanças dietéticas, onde o \n acompanhamento nutricional\n pode modificar o processo c\n arcinogênico, \n inclusive \n durante\n a prevenção e \n o \n tratamento.\n Trata\n -\n se de \n um \n estudo\n de caso\n descritivo\n com \n abordagem qualitativa, \n que v\n isa conhecer as percepções das \n mulheres com Câncer de Mama que vivenciaram a experiência do tratamento \n da doença no que diz respeito à alimentação.\n Os dados foram coletados \n através de entrevistas seguidas por um roteiro pr\n é estruturado com mulheres \n partici\n pantes da O\n rganização \n N\n ão \n G\n overnamental\n Amigas do Peito na capital \n Paraibana. \n Os fatores dietéticos e nutricionais d\n esempenham importante\n papel \n e\n podem\n influencia\n r\n a qualidade e a \n sobrevida \n após o diagnóstico do câncer\n .\n Pode\n -\n se constatar a inadequação \n prévia \n na alimentação das mulheres que \n foram diagnosticadas com neoplasia mamária e a alteração de hábitos \n alimentares depois da intervenção nutricional. \n Sendo assim, deve\n -\n se reforçar a \n importância da inclusão na abordagem das portadoras de câncer de mama \n –\n objeto deste trabalho \n –\n do componente da nutrição, tendo em vista o seu \n impacto na qualidade de vida durante todo o processo de adoecimento, além \n de proporcionar o acesso a conhecimentos passiveis de serem colocados em \n prática no decorrer da vida das pac\n ientes.', '	Teixeira, Ana Gabriela Mascarenhas da Silva', 'Dantas,Maria Beatriz Pragana', 'https://repositorio.ufpb.br/jspui/handle/123456789/857', 'Neoplasia mamária\nIntervenção nutricional\nHábitos dietéticos', '2015', NULL, NULL, 'Nutrição', 'https://drive.google.com/open?id=1Ix5sZfM7T81OuszYWCrEpQx_j8NaCXER'),
	(36, NULL, 'UNICAMP', 'Métodos de gestão de projetos aplicados aos programas de eficiência energética da ANEEL', 'Com o objetivo de sinalizar a necessidade de uma gestão estruturada dos programas de eficiência energética e sugerir a utilização de métodos de gerenciamento de projetos para assegurar que a economia de energia ensejada realmente seja alcançada e a um custo viável, esta dissertação tem como objeto de estudo o Projeto Comunidade Eficiente VI realizado pela LIGHT S.A. no período de 2009 a 2011 em comunidades de baixo poder aquisitivo do estado do Rio de Janeiro. Utilizou-se uma pesquisa descritiva para (i) apresentar os principais instrumentos regulatórios aplicados pelo Governo Federal para delinear os programas de eficiência energética e (ii) elencar práticas de gerenciamento de projetos e uma pesquisa aplicada para analisar, num caráter ex-post facto, os processos utilizados para a realização do referido projeto. Após a análise dos dados, identificou-se oportunidades de melhorias e pontos de controle para aumentar o sucesso de entrega do serviço ou equipamento na primeira tentativa, cumprir os prazos estabelecidos no cronograma, melhorar a comunicação com os parceiros envolvidos e com os clientes, assegurar a destinação correta de geladeiras e lâmpadas recolhidas, entre outros. Diante desses resultados, com a finalidade de auxiliar no acompanhamento de projetos de eficiência energética indica-se nove indicadores e para facilitar a interpretação de um conjunto destes indicadores apresenta-se um modelo de cockpit básico', 'Tiozo, Carla', '	Jannuzzi, Gilberto de Martino', 'http://repositorio.unicamp.br/jspui/handle/REPOSIP/264720', 'Energia\nEficiência energética - Indicadores\nEficiência energética\nPolítica energética', '2012', NULL, NULL, 'Ambiental', 'https://drive.google.com/open?id=10sVUoECrzy6GaWN05m-C-VqXx8mmIIQM'),
	(37, NULL, 'UFRGS', 'Comparação do consumo per capita de vegetais entre restaurantes universitários de uma universidade pública', 'O consumo de vegetais é importante para uma boa saúde, atuando na prevenção de doenças crônicas não transmissíveis (DCNT). Atualmente, observa-se em todos os segmentos populacionais a escassez de ingestão de desses alimentos no cotidiano dos brasileiros. A alimentação dos universitários pode ser muitas vezes, desequilibrada e insuficiente em micronutrientes, devido a dificuldades em gerir sua rotina acadêmica e pessoal, sendo os restaurantes universitários (RU) uma alternativa barata, rápida e prática para uma alimentação adequada e saudável. O cardápio dos RU de uma universidade pública federal é composto por cereal (arroz branco ou integral), Leguminosa (feijão ou lentilha), carne, guarnição, duas opções de salada e fruta como sobremesa. Objetivo: Quantificar e comparar o consumo alimentar total e per capita de vegetais entre o público de seis Ru de uma universidade pública federal. Métodos: Esse é um estudo de caso descritivo, de caráter quantitativo e com utilização de dados secundários. Foi realizado o levantamento da aquisição de insumos alimentares de origem vegetal durante os meses de março a junho de 2016. Os vegetais foram divididos em quatro grupos, referentes a sua natureza: cereais e leguminosas; folhosos; hortaliças e frutas. Para fins de investigação, utilizou-se a seleção dos itens de acordo com as quantidades adquiridas para cada um dos grupos pelo critério da curva ABC Os valores encontrados foram expressos em frequências absolutas e médias no software Microsoft Excel 2010®. Para a análise estatística foram utilizados os testes de Kruskal-Wallis e post-hoc de Dunn no programa SPSS versão 18.0, ambos testes em nível de significância de 95% (p< 0,05). Resultados: Foi encontrada uma variação de consumo médio per capita de vegetais que oscilou de 56,4 a 72,38 gramas. Os maiores consumos foram respectivamente de cereal e leguminosa, seguido por hortaliças, frutas e folhosos. Identificou-se que o RU que disponibiliza opções para vegetarianos e o de cursos relacionados mais à área de saúde apresentaram os maiores valores de consumo. Entre o consumo dos RU foi registrado diferença significativa somente no grupo dos folhosos no RU05. Conclusão: Os resultados encontrados identificaram que o consumo per capita do grupo de alimentos vegetais poderia ser mais elevado, levando-se em conta a importância que uma alimentação nutricionalmente equilibrada possui sob o desenvolvimento e aprendizado acadêmico, além de agregar qualidade de vida aos usuários dos RU. Sugere-se que possam ser desenvolvidas campanhas educativas para incentivar o consumo desses alimentos por essa população, a fim de prevenir o surgimento de DCNT', 'Marin, Bianca', 'Strasburg, Virgílio José', 'http://hdl.handle.net/10183/184738', 'consumo de alimentos; comportamento alimentar; verduras;\nestudantes; universidades', '2017', NULL, NULL, 'Nutrição', 'https://drive.google.com/open?id=1twI2Govmf4iDtKZBbD72YzK1Q2QnMGBA'),
	(38, NULL, 'UNICAMP', 'Os encargos de pesquisa e desenvolvimento da tarifa de energia elétrica e a formação de pessoal de nível superior dos programas de P&D da ANEEL', 'Além de proporcionar à sociedade energia elétrica em quantidade e qualidade adequadas, as concessionárias e permissionárias desse serviço público no Brasil devem cumprir diversas condições contratuais específicas, como realizar investimentos em pesquisa e desenvolvimento, levando, consequentemente, alguns benefícios à sociedade. Assim, esse trabalho avalia a importância dos projetos de pesquisa e desenvolvimento das empresas do setor elétrico na capacitação profissional, através de análises comparativas com projetos realizados no âmbito da UNICAMP e agências de fomento (CNPq, CAPES e FAPESP); e qualitativas, por meio de entrevistas com os gestores das concessionárias de energia elétrica e Agência Nacional de Energia Elétrica. Como resultados desta avaliação, verificou-se que os investimentos na formação de pessoal qualificado realizados através de projetos de P&D da ANEEL, na UNICAMP, entre 2001 e 2011, em relação às demais fontes de recursos para essa finalidade, são modestos, tanto em número de bolsas como em valores monetários (4% e 2% respectivamente). Verificou-se também que as empresas concessionárias de energia elétrica, bem como a ANEEL, não absorvem os mestres e doutores formados nesses programas. Observou-se ainda que esses profissionais acabassem por constituir empresas de base tecnológica e continuam atuando em projetos de P&D ANEEL. De fato, inúmeras empresas spin-off de universidades têm proposto e executado projetos juntamente com empresas concessionárias, sendo a maior parte em parcerias com as universidades de origem. Os resultados sugerem estudos futuros sobre essas empresas de base tecnológica, criadas em decorrência dos projetos de P&D ANEEL', 'Marques, Cristiane Peres Bergamini', 'Silva, Ennio Peres da', 'http://repositorio.unicamp.br/jspui/handle/REPOSIP/263891', 'Pesquisa e desenvolvimento\nEnergia elétrica\nFormação profissional', '2013', NULL, NULL, 'Energia', 'https://drive.google.com/open?id=1En-WzlTe6NE9VzsxXtD3YxNKcD-Wv91-'),
	(39, NULL, 'UFMA', 'ACEITABILIDADE SENSORIAL E COMPOSIÇÃO CENTESIMAL DE PÃO DE FORMA ISENTO DE GLÚTEN ELABORADO COM BIOMASSA DA BANANA VERDE', 'A doença celíaca (DC) é uma doença autoimune, causada pela ingestão de glúten em indivíduos com predisposição genética. Segundo dados da Associação de Celíacos do Brasil – ACELBRA, o produto que os celíacos gostariam de encontrar com maior facilidade é o pão. A banana é considerada principal fonte de alimentação e de renda anual em muitos países. A utilização da banana ainda verde em alimentos é de extensão considerável, pois não altera o sabor, aumenta a quantidade de fibras, proteínas e nutrientes, além de aumentar significativamente o rendimento dos produtos. Este trabalho teve por objetivo avaliar o efeito da substituição total do trigo por farinhas isentas de glúten e biomassa da banana verde em uma formulação de pão. Os julgadores responderam um Questionário de Frequência alimentar e a aceitabilidade sensorial bem como a intenção de consumo, foram avaliadas utilizando-se as escalas hedônicas estruturadas em nove e sete pontos, respectivamente, além do Índice de Aceitabilidade. A análise centesimal foi realizada para determinar os valores de cinzas, umidade, lipídeos, proteínas, carboidratos e valor calórico. O índice de aceitabilidade acima de 70% foi observado para todos os atributos, no entanto, a “aceitabilidade geral” (7,4 ± 1,26) e “sabor” (7,4 ± 1,54) foram melhor avaliados. A intenção de consumo apresentou média de 5,32 (±1,22) correspondendo ao conceito “comeria frequentemente”. O consumo “muito frequente” de cereais integrais e o “não consumo” nos últimos 7 (sete) dias de hambúrguer e embutidos, feijão/leguminosas, frutas e salada crua relatados pelos participantes conferiram valores médios mais expressivos para a formulação de pão apresentada, embora sem significância estatística (p<0,05). Já os que relataram consumo “pouco frequente” (1 dia/semana) de legumes/verduras conferiram a melhor média à formulação testada (8,28±0,72) (p=0,002). A composição centesimal apresentou os valores das frações em: umidade (55,7%); cinzas (1,1%); lipídeos (5,0%); proteínas (7,6%), carboidratos (32,3%) e valor calórico (197,84 kcal). A formulação proposta apresentou boa aceitabilidade e composição de nutrientes satisfatória, tornando-o um produto viável para o consumo de indivíduos que apresentam alguma limitação para a ingestão de alimentos que contém glúten na sua composição.', '	Santos, Simone Mayne Mendes dos', 'Banana Verde\nPão\nDoença celíaca\nGlúten\nUnripe banana\nBread\nCeliac Disease\nGluten', 'http://hdl.handle.net/123456789/925', 'Banana Verde\nPão\nDoença celíaca\nGlúten\nUnripe banana\nBread\nCeliac Disease\nGluten', '2014', NULL, NULL, 'Nutrição', 'https://drive.google.com/open?id=10kjr9IxdsHDLO_bCrBedTNoxn0FXW4lF'),
	(40, NULL, 'UFMA', 'SUPLEMENTAÇÃO DE TRIGLICERÍDEOS DE CADEIA MÉDIA (TCM): DO ESPORTE A CLÍNICA – REVISÃO DE LITERATURA', 'os triglicerídeos de cadeia média (TCM) passaram a ser introduzidos na clínica e no esporte, afim de tratar disfunções na absorção de lipídios como fonte de energia, substituindo as dietas baseadas em triglicerídeos de cadeia longa (TCL), bem como melhora na capacidade cognitiva e melhora no desempenho de atletas em provas de resistência. Objetivo: verificar a eficácia dos TCM nestas aplicações. Metodologia: foram selecionados artigos com data de 2003-2016 utilizado pra busca de evidencias, bases de dados nacionais e internacionais: Scielo; PubMed; Portal de periódicos CAPES. Foram selecionados os termos e palavras chaves na língua portuguesa e inglesa inseridos nos sites de pesquisa, foram selecionados 08 artigos que foram compatíveis ao critérios de elegibilidade. Resultados: 05 tiveram resultados positivos, sendo 01 da área esportiva e 04 da área clínicca. Conclusão: os TCM não apresentam melhora do desempenho de atletas em exercícios de resistência. Quanto a área clínica os TCM claramente melhoram o quadro clínico de pacientes com problemas cognitivos, apresenta também melhora no ganho de peso e no estado nutricional, além de auxiliar no balanço energético do organismo nas patologias metabólicas, tanto no metabolismo lipídico quanto no metabolismo dos carboidratos.', 'Belfort, Leandro Augusto Rocha', 'Aline Guimarães Amorim', 'http://hdl.handle.net/123456789/908', 'Triglicerídeo de cadeia media\nSuplementação\nClínica\nExercício\nResistência\nMelhora na performance\nIngestão\nMedium chain triglycerides\nSupplementation\nClinic\nExercise\nResistance\nImprovement in performance\nIntake', '2016', NULL, NULL, 'Nutrição', 'https://drive.google.com/open?id=1-Ai6LxhfPl0DbzW7bG0QdpOK18ZU73Ow'),
	(41, NULL, 'UFMG', 'A GESTÃO POR TRÁS DO “CHOQUE DE GESTÃO”: UM ESTUDO DA REFORMA\nGERENCIAL NO GOVERNO DE MINAS GERAIS', 'O processo de modernização do Estado, a partir dos anos 70 do último século, resultou em\namplas transformações sociais, políticas, econômicas e culturais no mundo e um dos campos\nafetados, ainda que de forma fragmentada durante a história, foi a administração pública. Este\né o campo de investigação deste trabalho que tem como foco o modelo gerencial de\nadministração pública e a experiência do governo do estado de Minas Gerais entre 2003 e\n2012, o denominado Choque de Gestão. A reforma gerencial empreendida no Brasil a partir\ndos anos 90, no âmbito da União, deixou frutos que germinaram através de experiências\nregionais e locais de reforma administrativa. O presente trabalho busca analisar o quadro\nteórico que balizou uma dessas experiências, o Choque de Gestão no estado de Minas Gerais,\nvisando a ampliar a compreensão do processo, bem como fomentar as pesquisas acerca dos\nmodelos de gestão pública e de seus desdobramentos em cenários permeados por\nespecificidades como os presentes no Brasil. Diferente da abordagem comumente utilizada,\nque visa à avaliação do processo de implementação das reformas administrativas, esta\npesquisa centra-se na forma de apropriação do referido modelo gerencial pela administração\npública mineira, ou seja, busca analisar como se deu a materialização desse referencial teórico\na partir da percepção dos idealizadores e com base no material produzido e divulgado sobre o\nperíodo em análise, apontando aproximações e distanciamentos da reforma empregada em\nrelação à perspectiva gerencial e demais modelos de Gestão Pública', 'ANA GABRIELA CALDEIRA DIAS', 'Márcia Miranda Soares', 'https://www2.ufmg.br/gestaopublica/content/download/27339/183523/file/TCC%20Ana%20Gabriela%20Caldeira%20Dias.pdf', 'Modelos de Gestão Pública; Reforma Administrativa Gerencial. Choque de\nGestão em Minas Gerais', '2012', NULL, NULL, 'Gestão Pública', ''),
	(42, NULL, 'UFMG', 'O CONTRATO DE GESTÃO COMO MODELO DE ADMINISTRAÇÃO E\nGESTÃO DE POLÍTICAS PÚBLICAS', 'Este é um trabalho de conclusão do curso de graduação em Gestão\nPública e é fruto da pesquisa bibliográfica sobre o tema do contrato de gestão como\nmodelo de administração e gestão de políticas públicas. O estudo bibliográfico sobre\no tema foi realizado no período compreendido de agosto a dezembro de 2012 e teve\ncomo objetivo a comparação de dois modelos de contrato de gestão. De um lado, o\ncontrato entre o Poder Executivo e órgãos e entidades integrantes da Administração\nPública. De outro, o contrato entre o Poder Executivo e as Organizações Sociais. A\nmetodologia utilizada consiste na pesquisa bibliográfica e documental de leis e\ndisposições normativas que regulamentam os dois tipos de contratos. O trabalho\ncontextualiza o período em que se passou a adotar os contratos de gestão no Brasil\na partir da problemática da reforma do Estado nos anos 90. Nesse sentido, procura\nfazer um levantamento do funcionamento estrutural da Administração Pública direta\ne indireta, mostrando a maneira que o contrato de gestão se insere como\nmecanismo de ação do Poder Executivo. Adicionalmente, o estudo aponta o contrato\nde gestão com as Organizações Sociais como um modelo de ampliação das\ncompetências da Administração Pública. Contudo, após expor uma melhor\ncompreensão das características e objetivos, o trabalho apresenta, como objetivo\nespecífico, um estudo teórico comparativo dos aspectos positivos e negativos dos\ndois modelos de contrato de gestão.', 'EMERSON BARBIERI DOS REIS', 'Vera Alice Cardoso Silva', 'https://www2.ufmg.br/gestaopublica/content/download/27345/183568/file/TCC%20Emerson%20Barbieri%20dos%20Reis.pdf', 'Contrato de Gestão. Políticas Públicas. Administração Pública direta e\nindireta. Organizações Sociais. Reforma do Estado.', '2012', NULL, NULL, 'Gestão Pública', ''),
	(43, NULL, 'UFC', 'Avaliação dos ativos intangíveis no setor bancário brasileiro: um estudo multicaso em quatro instituições financeiras', 'Em um mundo cada vez mais globalizado e tecnológico, os ativos intangíveis transformaramse em componente fundamental para agregar valor às empresas. Por considerar que existem poucos trabalhos focados em analisar os intangíveis das instituições financeiras brasileiras, esse estudo visa avaliar os ativos intangíveis dos maiores bancos brasileiros. O estudo é fruto de uma revisão bibliográfica na literatura e uma análise documental nas demonstrações financeiras dos objetos da amostra. Os resultados apontaram que o Ativo Intangível é quase que inexpressivo dentro do Ativo Total, com o banco com maior representatividade nessa questão, o ITAÚ. O Intangível é composto por diferentes classes, algumas delas em comum com todas as empresas da amostra, como softwares e direitos de folha de pagamento. Em relação ao grau de evidenciação, o Banco do Brasil e o ITAÚ divulgaram mais itens do checklist. Ficou evidente no estudo que as instituições da pesquisa têm que melhorar as informações fornecidas em suas demonstrações.', 'Barroso Neto, Francisco de Andrade', '	Moreira, Jeanne Marguerite Molina', 'http://www.repositorio.ufc.br/handle/riufc/34963', 'Ativos (contabilidade)\nInstituições financeiras - Brasil\nBancos - Brasil', '2015', NULL, NULL, 'Ciencias Contabeis', 'https://drive.google.com/open?id=16YO68qUVnZHIW-iukpqrHYm_lzz4dYn1'),
	(44, NULL, 'UNICAMP', 'Desenvolvimento de metodologias de análise sistêmica de sistemas de distribuição de energia elétrica com geração ultra-dispersa', 'Os impactos causados pela instalação de geradores trifásicos de médio porte (? 1 MVA) diretamente em redes primárias de distribuição de energia elétrica (com tensão ? 10 kV) têm sido intensivamente investigados nos últimos 10 anos. Por conseguinte, atualmente, práticas de análise, operação e proteção são relativamente bem definidas e aceitas. No período de amadurecimento dessa mudança de paradigma em relação à geração de energia elétrica, de forma geral os engenheiros das concessionárias analisam uma solicitação de um novo acessante por vez, emitindo um relatório sobre as necessidades ou não de alteração do projeto. Contudo, com a publicação da Resolução Normativa #482 e outras ações, verifica-se o interesse do governo brasileiro em incentivar a conexão de geração distribuída baseada em fontes renováveis (sobretudo geradores fotovoltaicos) em redes secundárias de forma intensa e extensa. Isso produz um cenário diferente do previamente investigado na maioria dos projetos de pesquisa realizados nos últimos 10 anos, criando a necessidade de novos estudos e metodologias de análise. Neste contexto, esta dissertação de mestrado apresenta uma metodologia de análise probabilística que utiliza simulações Monte Carlo para identificar o impacto agregado de múltiplos geradores fotovoltaicos. São apresentadas técnicas para modelar todas as incertezas do problema, as quais estão relacionadas principalmente com a potência produzida pelos geradores e consumida pelas cargas em cada instante do dia. São desenvolvidas também duas aplicações práticas do método de análise proposto. A primeira aplicação consiste no desenvolvimento de índices técnicos capazes de estimar de forma simples e rápida (sem realizar nenhuma simulação) a potência máxima que pode ser injetada em redes secundárias sem a ocorrência de violações técnicas. A segunda aplicação consiste em uma técnica para estimar o impacto futuro da geração fotovoltaica em determinado alimentador da concessionária, de forma a auxiliar os engenheiros no planejamento da expansão das redes de distribuição. O método de análise e as aplicações apresentadas neste trabalho podem auxiliar na redução do número de barreiras existentes para a conexão de geradores distribuídos fotovoltaicos\n', 'Borges, Ricardo Torquato', 'Freitas Filho, Walmir de, Filho, Walmir de Freitas', 'http://repositorio.unicamp.br/jspui/handle/REPOSIP/259988', 'Sistemas de energia elétrica - Distribuição\nGeração distribuída de energia elétrica\nGeração de energia fotovoltaica', '2014', NULL, NULL, 'Energia', 'https://drive.google.com/open?id=147MhYDsiDxMpSYnUDbWRKl_2KNomwC5H'),
	(45, NULL, 'UFC', 'Disclosure de fatores de risco : uma análise nas empresas brasileiras listadas no novo mercado', 'O presente estudo tem como objetivo investigar o nível de compliance dos requisitos de divulgação de fatores de risco das empresas brasileiras listadas na B3 - Brasil, Bolsa, Balcão no segmento Novo Mercado, conforme requerido pela CVM através da Instrução Normativa nº 552/2014. Com uma amostra de 122 empresas, classificadas em 10 setores de atuação diversos coletados no endereço eletrônico da B3 em outubro de 2016. Trata-se de estudo descritivo com abordagem qualitativa, por meio de pesquisa documental nos Formulários de Referência, afim de para responder ao checklist proposto na metodologia; e o tratamento desses dados através de estatística descritiva a fim de analisar o nível de disclosure das informações relacionadas a fatores de risco. Conforme os resultados encontrados, o índice de disclosure geral apresentou uma variação de 0,77 a 0,98, evidenciando assim que as 122 empresas participantes da amostra divulgaram em seus formulários de referência informações necessárias para a mitigação de riscos aos stakeholders. A pesquisa mostrou também que dentre os setores de atuação componentes da amostra, o de Tecnologia da Informação apresentou o menor índice de disclosure 62,8% das. Os achados também indicam o mais elevado nível de disclosure no setor de Petróleo, Gás e Biocombustíveis com 94,5% de evidenciação das informações exigidas, expondo quase que a totalidade das informações. Conclui-se que o grau de evidenciação das empresas componentes da amostra no período analisado mostra-se em níveis satisfatório, uma vez que o nível médio de disclosure é superior a 80%.', '	Umbelino, Wladson Lemos', 'Ponte, Vera Maria Rodrigues', 'http://www.repositorio.ufc.br/handle/riufc/34691', 'Divulgação de informações contábeis\nBolsa de valores\nEmpresas - Brasil', '2018', NULL, NULL, 'Ciencias Contabeis', 'https://drive.google.com/open?id=1PLkM9uawsSfsya5Y1Kh7jfqfVquSH8da'),
	(46, NULL, 'UFMG', 'O Parlamento Jovem como política pública:\no impacto do projeto na confiança em instituições\npolíticas e conhecimento político', 'O Projeto Parlamento Jovem (PJ) é um projeto de educação cívica realizado em\nMinas Gerais, elaborado e implementado através de parceria entre a Assembleia\nLegislativa de Minas Gerais (ALMG) e a Pontifícia Universidade Católica de Minas\nGerais (PUC-MG). Ele foi criado com o intuito de fornecer aos alunos participantes\numa oportunidade de participação direta no Parlamento mineiro. O PJ busca estimular a\nformação política dos jovens, conduzi-los a um exercício de participação democrática\nnas questões relevantes para comunidade, propiciar um espaço para vivência em\nsituações de ensino e pesquisa e, ao mesmo tempo, incentivar o envolvimento das\ncâmaras municipais em atividades de Educação para a Cidadania.\nO presente Trabalho de Conclusão de Curso propõe-se a fazer uma avaliação do\nimpacto do projeto, utilizando um banco de dados coletados em 2008 coordenado pelo\nProfessor/Doutor Mario Fuks do Departamento de Ciência Política (DCP) da\nUniversidade Federal de Minas Gerais (UFMG). Busca-se identificar até que ponto o PJ\nse mostra efetivo. Para tal serão utilizadas variáveis que meçam a confiança dos alunos\nparticipantes nas instituições – Câmara Municipal de Belo Horizonte (CMBH), ALMG\ne Congresso Nacional – e o conhecimento político dos alunos. Isto será feito antes e\napós a participação dos jovens no PJ. Constatando sua importância, propõem-se\nmecanismos de expandi-lo além do que já foi feito pelos atores responsáveis. Ressaltase\nque os dados de 2008 são de um período em que o PJ ainda ocorria apenas em Belo\nHorizonte, capital do estado. Atualmente, ele foi implementado em outras cidades.\nPara as variáveis de confiança utilizaram-se regressões logísticas ordinais, pois\nelas apresentam quatro categorias: nunca confia, confia às vezes, confia na maior parte\ndo tempo e sempre confia na instituição. Para as variáveis que medem o conhecimento\npolítico foi empregada a regressão linear múltipla, pois estas eram contínuas. Em todos\nos casos, comparou-se os alunos participantes do PJ (grupo de tratamento) com alunos\nselecionados que não participaram do PJ (grupo de controle). Através destas\nmetodologias constatou-se que após a realização do projeto, os alunos do grupo de\ntratamento passaram a confiar mais nas instituições, em relação aos alunos do grupo de\ncontrole, e mostraram ter maior conhecimento político, mesmo que os efeitos não\ntenham sido tão positivos quanto para a confiança. Além dos modelos criados de\nregressão linear múltipla e de regressão logística ordinal, estes resultados foram \nconfirmados na análise descritiva prévia, como nos gráficos de valores preditos\nrealizados.', 'GUILHERME QUARESMA GONÇALVES', 'Mário Fuks', 'https://www2.ufmg.br/gestaopublica/content/download/27346/183572/file/TCC%20Guilherme%20Quaresma%20Gon%C3%A7alves.pdf', ' Parlamento Jovem, educação cívica, políticas públicas, avaliação de\npolíticas públicas, mudanças atitudinais, ganhos cognitivos.', '2013', NULL, NULL, 'Gestão Pública', ''),
	(47, NULL, 'UFC', 'Disclosure em clubes de futebol : um estudo sobre os reflexos da Lei do Profut', 'O futebol atrai inúmeros investidores e patrocinadores, motivados pelo grande volume financeiro movimentado, em especial nos últimos anos. No Brasil, as administrações dos clubes de futebol são alvos de críticas, especialmente pela má gestão dos recursos, gerando uma situação de dificuldade financeira. A União, em diversas ocasiões, propiciou aos clubes a possibilidade de refinanciamento de dívidas fiscais, entre elas a mais recente iniciativa foi a promulgação da Lei n° 13.155/2015, conhecida como PROFUT. Nesse contexto, esta pesquisa objetivou investigar o nível de disclosure decorrente da adesão ao PROFUT pelos clubes de futebol brasileiros e sua relação com o desempenho econômico-financeiro e esportivo no decorrer dos anos de 2015 e 2016. Para tanto, foram investigadas mudanças no nível de disclosure entre os anos levantados através de teste de diferença entre médias e, adicionalmente, a existência de associação entre os indicadores de desempenho econômico-financeiro e esportivo através dos testes de correlação de Pearson e ANACOR Múltipla. Apesar de não se verificarem melhoras no disclosure entre 2015 e 2016, este estudo identificou relação entre o tamanho dos clubes e o nível disclosure.', 'Umbelino, Wagner Lemos', 'Ponte, Vera Maria Rodrigues', 'http://www.repositorio.ufc.br/handle/riufc/34690', 'Responsabilidade fiscal\nDivulgação de informações contábeis\nClubes de futebol - Brasil', '2017', NULL, NULL, 'Ciencias Contabeis', 'https://drive.google.com/open?id=1C4PtmHyQRG5Dx0BMW_GO7cclE8hyGMwO'),
	(48, NULL, 'UNICAMP', 'Estudo dos impactos da contribuição de geradores fotovoltaicos na proteção de sobrecorrente dos sistemas de distribuição de energia elétrica', 'A instalação de geradores fotovoltaicos distribuídos ao longo das redes secundárias de distribuição tem crescido vertiginosamente nos últimos anos motivada pela redução de custos na fabricação dos painéis solares e inversores, conscientização ambiental e necessidade de di-versificação da matriz energética. No Brasil, a publicação pela ANEEL da Resolução Normativa 482/2012, revisada pela resolução 687/2015, que visa facilitar a conexão à rede de distribuição de micro ou minigeração distribuída, tem estimulado a instalação de geradores fotovoltaicos para a produção de eletricidade. Este avanço do número de solicitações para interconexão de geradores fotovoltaicos tem exigido das concessionárias a capacidade de identificar rapidamente seus impactos sobre a rede de distribuição e as possíveis adequações necessárias ao sistema. Já se conhece grande parte dos aspectos técnicos relacionados ao aumento no nível de penetração de geradores fotovoltaicos que afetam o planejamento, operação e manutenção dos sistemas de distribuição, como, por exemplo, o aumento na magnitude de tensão, desequilíbrio de tensão, sobrecarga dos condutores e transformadores, entre outros. Porém ainda há uma preocupação das distribuidoras com relação aos aspectos de proteção do sistema, visando a segurança pessoal (de eletricistas e usuários), bem como de equipamentos. Neste contexto, este trabalho tem como objetivo estudar os possíveis impactos técnicos da conexão massiva de geradores fotovoltaicos na coordenação e seletividade da proteção de sobrecorrente de sistemas de distribuição de energia elétrica. Além disso, propõem-se critérios para o estudo desses impactos a partir de simulações computacionais tendo como referência uma rede real de distribuição', 'Ferreira, Dirceu José', '	Arioli, Fernanda Caseño Trindade', 'http://repositorio.unicamp.br/jspui/handle/REPOSIP/320750', 'Geração de energia fotovoltaica\nSistemas de energia elétrica\nEnergia elétrica - Distribuição', '2016', NULL, NULL, 'Energia', 'https://drive.google.com/open?id=1k9xLolQ5MoQ6JwILZPzDwmUewAl2ZjeL'),
	(49, NULL, 'UFC', 'Análise da gestão financeira pessoal dos profissionais liberais do município de Fortaleza-Ceará', '	O presente artigo tem como propósito central tratar do tema finanças pessoais. Dessa forma, objetivou-se analisar o comportamento dos profissionais liberais no que diz respeito a sua gestão financeira pessoal. A pesquisa buscou identificar aspectos do perfil, endividamento, consumo, forma de administrar as finanças e nível de conhecimento sobre as finanças pessoais dos profissionais liberais do município de Fortaleza/CE. A relevância desse trabalho se dá a partir de transformações econômicas que ocorreram no país, pois, na busca por maior autonomia, muitos profissionais buscam atuar com total liberdade em suas profissões. Com isso, é oportuno entender de que maneira tais indivíduos administram seus recursos. A pesquisa foi classificada quanto aos fins como descritiva e com abordagem metodológica quantitativa. Com relação aos resultados obtidos identificou-se que grande parte dos profissionais na cidade de Fortaleza/CE dos quais realizamos a pesquisa dispõem de certo conhecimento em educação financeira, e, além disso, possuem uma razoável gestão de recursos.', '	Costa, Rafael Gomes da', 'Marques, Érico Veras', 'http://www.repositorio.ufc.br/handle/riufc/34677', 'Educação financeira\nFinanças pessoais\nProfissionais liberais - Fortaleza (CE)', '2018', NULL, NULL, 'Ciencias Contabeis', 'https://drive.google.com/open?id=1q2cb78xmBYyjNmD8mGLU3Z_9SEcPxbYx'),
	(50, NULL, 'UFC', 'Análise do regime especial de tributação: um estudo em uma empresa de construção civil', 'Em resposta ao denominado “efeito ENCOL”, o Governo Federal, através da Lei nº 10.931/2004, criou o Patrimônio de Afetação e o Regime Especial de Tributação pelo Lucro Presumido – RET. A afetação patrimonial, na forma de opção pelo incorporador, visou oferecer maior segurança na aquisição de imóveis em construção. Para tanto é exigido maior transparência nas informações prestadas aos compradores de imóveis em construção, através da obrigatoriedade da manutenção de demonstração contábil completa e individualizada de cada obra e entrega de demonstrativo do estado da obra e de sua correspondência com o prazo e recursos pactuados, firmados por profissionais habilitados. Este trabalho tem como objetivo demonstrar se o Patrimônio de Afetação é uma boa opção como planejamento tributário para os novos empreendimentos de uma empresa de acordo com a Lei nº 10.931/2004. Ainda em sua metodologia, foi aplicado o estudo exploratório, na medida em que se apresentam as principais características e abordagens sobre incorporação imobiliária e patrimônio de afetação nas incorporações imobiliárias. Como resultado, observou-se que o Patrimônio de afetação traz vantagens claras que asseguram os compradores e as instituições financeiras que concedem recursos para a construção dos empreendimentos, porém como instrumento de planejamento tributário a adoção pela afetação não beneficia a empresa, já que não é significativa sua redução na carga tributária além de exigir inúmeros controles internos.', 'Silva, Suelynita Saraiva da', 'Peres, Danielle Augusto', 'http://www.repositorio.ufc.br/handle/riufc/32105', 'Planejamento tributário\nPatrimônio de afetação', '2013', NULL, NULL, 'Ciencias Contabeis', 'https://drive.google.com/open?id=19XiwZ4hzGWeV9vZ5E0yLNIwSgJaiqSat'),
	(51, NULL, 'UNICAMP', 'Geração distribuída aplicada à edificações : edifícios de energia zero e o caso do laboratório de ensino da FEC-Unicamp', 'O consumo de eletricidade no Brasil cresceu 47% na última década e estima-se que aumente outros 55,6% até 2020. A geração da maior parte da eletricidade no país é baseada no modelo de grandes usinas hidrelétricas, distantes dos centros de consumo, assim como a expansão da capacidade de geração para atender o aumento da demanda, mantendo as grandes perdas na transmissão e distribuição da eletricidade. Uma forma de reduzi-las é através do maior uso da geração distribuída, em que a eletricidade é gerada próxima ou no próprio local de consumo, como por exemplo, integrada a edificações. A partir da viabilização deste modelo de geração e dos edifícios eficientes, criou-se o conceito dos chamados Edifícios de Energia Zero (EEZ). EEZs são edifícios com baixas necessidades energéticas e que, ao longo do ano, geram toda a energia que consomem a partir de fontes renováveis de energia. Em 2010, as edificações foram responsáveis por 46,9% do consumo de eletricidade no Brasil e esta participação deve aumentar até o final da década. Dessa forma, um maior emprego da geração distribuída através de fontes renováveis em edificações e também de novos EEZs pode atender parte desta crescente demanda, e consequentemente, adiar ou evitar a construção de novas grandes hidrelétricas e termelétricas movidas a combustíveis fósseis, e reduzindo os impactos socioambientais causados pela sua construção e operação. Esta dissertação propõe uma metodologia para o projeto de sistemas de geração de energia elétrica em EEZs, visando auxiliar engenheiros e arquitetos no dimensionamento destes sistemas, permitindo uma maior adoção deste tipo de edificação. A metodologia consiste de alguns passos simples, que incluem a análise do consumo de energia do edifício e do potencial energético local, o dimensionamento e simulação do sistema de geração, concluindo com a avaliação dos resultados para averiguar se a energia gerada seria suficiente para classificar o edifício como EEZ. Adicionalmente, a metodologia propõe ferramentas para auxiliar na escolha de um sistema de geração, dentre diversas opções de arranjos e tecnologias, como o custo do sistema, da eletricidade produzida por ele e do tempo de retorno de energia. Esta metodologia foi aplicada em um laboratório de ensino, que será construído na Unicamp e tem como meta ter o menor impacto ambiental durante sua construção e operação além de ser um Edifício de Energia Zero. Foi avaliada a viabilidade e contribuição potencial da geração de eletricidade por fontes renováveis de energia no projeto deste laboratório, no caso energia solar fotovoltaica e pequenas turbinas eólicas, como forma de atender a meta EEZ. Também foram avaliados três sistemas fotovoltaicos, cotados com empresas especializadas durante o projeto do laboratório. Adicionalmente, buscando entender melhor a influência da tecnologia e do posicionamento dos sistemas fotovoltaicos na geração de eletricidade, foram realizadas simulações de sistemas com 1kWp, utilizando diferentes tecnologias e orientações. As simulações foram realizadas utilizando o software Homer Energy, de distribuição gratuita', 'Lima, Bruno Wilmer Fontes', 'Jannuzzi, Gilberto de Martino', 'http://repositorio.unicamp.br/jspui/handle/REPOSIP/264697', 'Geração de energia fotovoltaica\nEdifícios sustentáveis\nEnergia eólica', '2012', NULL, NULL, 'Energia', 'https://drive.google.com/open?id=1NUBkFQATf_fjTwGV73npNMH6eh0h1PN5');
/*!40000 ALTER TABLE `publicacao` ENABLE KEYS */;

-- Copiando estrutura para tabela tccnetwork.seguir
CREATE TABLE IF NOT EXISTS `seguir` (
  `id_seguido` int(11) NOT NULL,
  `id_seguidor` int(11) NOT NULL,
  `data` date DEFAULT NULL,
  `hora` time DEFAULT NULL,
  PRIMARY KEY (`id_seguido`,`id_seguidor`),
  KEY `fk_Usuário_has_Usuário_Usuário2_idx` (`id_seguidor`),
  KEY `fk_Usuário_has_Usuário_Usuário1_idx` (`id_seguido`),
  CONSTRAINT `fk_Usuário_has_Usuário_Usuário1` FOREIGN KEY (`id_seguido`) REFERENCES `usuario` (`id_usuario`) ON DELETE NO ACTION ON UPDATE NO ACTION,
  CONSTRAINT `fk_Usuário_has_Usuário_Usuário2` FOREIGN KEY (`id_seguidor`) REFERENCES `usuario` (`id_usuario`) ON DELETE NO ACTION ON UPDATE NO ACTION
) ENGINE=InnoDB DEFAULT CHARSET=utf8;

-- Copiando dados para a tabela tccnetwork.seguir: ~3 rows (aproximadamente)
/*!40000 ALTER TABLE `seguir` DISABLE KEYS */;
INSERT INTO `seguir` (`id_seguido`, `id_seguidor`, `data`, `hora`) VALUES
	(1, 2, '2017-10-01', '22:04:03'),
	(2, 3, '2017-10-28', '06:17:47'),
	(3, 1, '2017-10-28', '06:15:48');
/*!40000 ALTER TABLE `seguir` ENABLE KEYS */;

-- Copiando estrutura para tabela tccnetwork.usuario
CREATE TABLE IF NOT EXISTS `usuario` (
  `id_usuario` int(11) NOT NULL AUTO_INCREMENT,
  `nome` varchar(50) NOT NULL,
  `avatar` varchar(45) NOT NULL,
  `email` varchar(50) NOT NULL,
  `profissao` varchar(50) NOT NULL,
  `senha` varchar(50) NOT NULL,
  PRIMARY KEY (`id_usuario`)
) ENGINE=InnoDB AUTO_INCREMENT=4 DEFAULT CHARSET=utf8;

-- Copiando dados para a tabela tccnetwork.usuario: ~3 rows (aproximadamente)
/*!40000 ALTER TABLE `usuario` DISABLE KEYS */;
INSERT INTO `usuario` (`id_usuario`, `nome`, `avatar`, `email`, `profissao`, `senha`) VALUES
	(1, 'Tony Ramos', 'tony.jpg', 'mp_vaz@hotmail.com', 'Arquiteto de Software', 'e10adc3949ba59abbe56e057f20f883e'),
	(2, 'Angelica Silva', 'angelica.jpg', 'tati_coutinho@gmail.com', 'Engenheiro de Software', 'e10adc3949ba59abbe56e057f20f883e'),
	(3, 'Mônica Lobato', 'monica.jpg', 'tati_coutinhobh@gmail.com', 'Gerente de Projetos', 'e10adc3949ba59abbe56e057f20f883e');
/*!40000 ALTER TABLE `usuario` ENABLE KEYS */;

-- Copiando estrutura para tabela tccnetwork.usuario_interesse
CREATE TABLE IF NOT EXISTS `usuario_interesse` (
  `id_usuario` int(11) NOT NULL,
  `id_interesse` int(11) NOT NULL,
  PRIMARY KEY (`id_usuario`,`id_interesse`),
  KEY `fk_usuario_has_TópicoInteresse_TópicoInteresse1_idx` (`id_interesse`),
  KEY `fk_usuario_has_TópicoInteresse_usuario1_idx` (`id_usuario`),
  CONSTRAINT `fk_usuario_has_TópicoInteresse_TópicoInteresse1` FOREIGN KEY (`id_interesse`) REFERENCES `interesse` (`id_interesse`) ON DELETE NO ACTION ON UPDATE NO ACTION,
  CONSTRAINT `fk_usuario_has_TópicoInteresse_usuario1` FOREIGN KEY (`id_usuario`) REFERENCES `usuario` (`id_usuario`) ON DELETE NO ACTION ON UPDATE NO ACTION
) ENGINE=InnoDB DEFAULT CHARSET=utf8;

-- Copiando dados para a tabela tccnetwork.usuario_interesse: ~17 rows (aproximadamente)
/*!40000 ALTER TABLE `usuario_interesse` DISABLE KEYS */;
INSERT INTO `usuario_interesse` (`id_usuario`, `id_interesse`) VALUES
	(2, 2),
	(3, 2),
	(2, 3),
	(1, 4),
	(2, 4),
	(1, 5),
	(3, 5),
	(1, 6),
	(2, 6),
	(3, 6),
	(1, 7),
	(3, 7),
	(1, 8),
	(3, 8),
	(1, 9),
	(3, 9),
	(1, 10);
/*!40000 ALTER TABLE `usuario_interesse` ENABLE KEYS */;

/*!40101 SET SQL_MODE=IFNULL(@OLD_SQL_MODE, '') */;
/*!40014 SET FOREIGN_KEY_CHECKS=IF(@OLD_FOREIGN_KEY_CHECKS IS NULL, 1, @OLD_FOREIGN_KEY_CHECKS) */;
/*!40101 SET CHARACTER_SET_CLIENT=@OLD_CHARACTER_SET_CLIENT */;
